timestamp,f0,f1,f2,f3,f4,prediction,confidence,model_version,ground_truth
2026-04-27T18:48:07.392273,56.0,36.368465209584585,0.1008601598060723,7.0,6.217512181700162,0,0.04616862138382761,uploaded_model_v1,0
2026-04-27T18:48:07.394011,46.0,39.656847975478144,4.478045469107061,9.0,7.730329050266566,0,0.3914656896272413,uploaded_model_v1,1
2026-04-27T18:48:07.395262,32.0,29.565184010659088,4.219196976981411,6.0,7.330272023657573,0,0.4376050801178538,uploaded_model_v1,1
2026-04-27T18:48:07.396398,25.0,21.77694428866268,5.7548289789532685,1.0,6.979865789232285,1,0.9448553746969641,uploaded_model_v1,1
2026-04-27T18:48:07.412105,38.0,23.99076118342612,7.122064424142417,7.0,3.4142395030447927,1,0.9262824085927565,uploaded_model_v1,1
2026-04-27T18:48:07.413169,56.0,18.40459488404427,0.6352526771442362,3.0,7.429618274630548,1,0.5901473515286512,uploaded_model_v1,1
2026-04-27T18:48:07.414263,36.0,38.11457374433098,5.851971922722899,5.0,8.382440311998177,0,0.3840133298297095,uploaded_model_v1,0
2026-04-27T18:48:07.415265,40.0,20.590523823583105,1.4992955527806575,4.0,9.958571582519028,0,0.4364915747468357,uploaded_model_v1,0
2026-04-27T18:48:07.416665,28.0,30.68336246131358,6.865416425257312,5.0,3.077549868160168,0,0.08193853574703146,uploaded_model_v1,0
2026-04-27T18:48:07.418861,28.0,24.02921485511853,6.552508110893249,5.0,8.111214173174737,1,0.9769503769077217,uploaded_model_v1,1
2026-04-27T18:48:07.420777,41.0,30.191916055347452,4.326350039884355,6.0,7.002525211551864,0,0.46380602721419506,uploaded_model_v1,1
2026-04-27T18:48:07.422961,53.0,32.33124854374101,5.681942388986492,6.0,6.038365232566697,0,0.41352035027761164,uploaded_model_v1,1
2026-04-27T18:48:07.424095,57.0,36.25431968155844,2.514800905469987,8.0,3.892991221999596,0,0.0,uploaded_model_v1,0
2026-04-27T18:48:07.425175,41.0,22.54126797873327,3.769343191462517,8.0,5.863596040444134,1,0.9154144842892477,uploaded_model_v1,1
2026-04-27T18:48:07.426318,20.0,18.24190823048657,6.573095181683773,9.0,5.480640280902947,1,0.8861407560345911,uploaded_model_v1,1
2026-04-27T18:48:07.427942,39.0,21.01148386151376,3.674121577385711,8.0,5.119809222851195,1,0.931663375803393,uploaded_model_v1,1
2026-04-27T18:48:07.428941,19.0,37.80041012065831,2.8623861226035343,2.0,8.116157363255454,0,0.057102754354004526,uploaded_model_v1,0
2026-04-27T18:48:07.430168,41.0,37.22558170637534,3.953699578002399,1.0,7.905078648989846,0,0.3935285161660268,uploaded_model_v1,0
2026-04-27T18:48:07.431208,47.0,31.143088247746785,6.625994019497747,2.0,7.123140636866381,0,0.4280004989305579,uploaded_model_v1,1
2026-04-27T18:48:07.432746,55.0,31.21137092954037,2.681664378966982,2.0,9.570653693053606,0,0.05285816514100297,uploaded_model_v1,0
2026-04-27T18:48:07.434206,19.0,32.63080684001762,1.3900927450859504,3.0,5.448980689265982,0,0.0002584097859327217,uploaded_model_v1,0
2026-04-27T18:48:07.437976,38.0,21.85816812971589,5.696112162646246,7.0,4.706613563971256,1,0.9291173337285578,uploaded_model_v1,1
2026-04-27T18:48:07.439296,50.0,38.11706281034911,6.607825701664654,2.0,7.591323191688797,0,0.4043153583216892,uploaded_model_v1,1
2026-04-27T18:48:07.440347,29.0,27.212951547625607,0.8050998281882666,1.0,4.39169842656182,0,0.0002584097859327217,uploaded_model_v1,0
2026-04-27T18:48:07.441572,39.0,26.429047621488944,1.9189929020475576,6.0,5.205073550283972,0,0.10739830710715356,uploaded_model_v1,0
2026-04-27T18:48:07.442604,42.0,29.416189516222424,1.1357759180879512,9.0,4.572217080524194,0,0.0,uploaded_model_v1,0
2026-04-27T18:48:07.443569,44.0,19.03325126905121,2.783531292657333,3.0,3.4840749740295087,0,0.10245094693411087,uploaded_model_v1,0
2026-04-27T18:48:07.444574,59.0,21.658234112633743,3.602807831243301,6.0,8.792491191449713,1,0.952748679891152,uploaded_model_v1,1
2026-04-27T18:48:07.445597,45.0,34.23673956138015,5.990610695706452,3.0,4.781783800451628,0,0.07183237606525289,uploaded_model_v1,0
2026-04-27T18:48:07.446771,33.0,19.821570694352783,5.209180679053393,1.0,6.311192523401145,1,0.9537509638306826,uploaded_model_v1,1
2026-04-27T18:48:07.447804,32.0,31.26934640826054,4.967428539827449,5.0,3.303206912780184,0,0.07472404225771498,uploaded_model_v1,0
2026-04-27T18:48:07.448977,20.0,23.39768041298906,2.8189995728772352,4.0,7.895376263768502,1,0.515348559186812,uploaded_model_v1,0
2026-04-27T18:48:07.450019,54.0,26.564503508923483,6.73158042467808,7.0,5.313927016144036,1,0.9236679795914077,uploaded_model_v1,1
2026-04-27T18:48:07.452724,24.0,24.3512622089554,3.770297339185317,6.0,8.213157094804469,1,0.975409500075938,uploaded_model_v1,1
2026-04-27T18:48:07.454143,38.0,25.82479976222888,7.832839504121236,7.0,5.886821423275062,1,0.9200222131616826,uploaded_model_v1,1
2026-04-27T18:48:07.455198,26.0,33.8190099140534,5.073137106365895,5.0,4.370289244839372,0,0.05556964985177901,uploaded_model_v1,0
2026-04-27T18:48:07.456407,56.0,24.53667774370985,1.010117932516022,4.0,6.592225575974251,0,0.36822747035749614,uploaded_model_v1,0
2026-04-27T18:48:07.457418,35.0,30.46090208653174,5.409420496603472,7.0,3.913531917462079,0,0.062069653458269744,uploaded_model_v1,0
2026-04-27T18:48:07.458444,21.0,28.473108848380196,2.600832123453592,7.0,6.083774119110963,0,0.07625598224197977,uploaded_model_v1,0
2026-04-27T18:48:07.459823,42.0,32.600765637978256,5.490617573488779,6.0,5.221138341943406,0,0.07059585596856528,uploaded_model_v1,0
2026-04-27T18:48:07.460829,31.0,38.61025426514468,0.5571291852992459,8.0,9.383717089397432,0,0.03193471425927516,uploaded_model_v1,0
2026-04-27T18:48:07.461843,26.0,34.11658613862551,1.399051497407675,4.0,3.4265010520450394,0,0.0002584097859327217,uploaded_model_v1,0
2026-04-27T18:48:07.462849,43.0,22.728688328996647,6.845898071246291,5.0,7.858121898740194,1,0.9607545988847677,uploaded_model_v1,1
2026-04-27T18:48:07.463996,19.0,18.686028971348264,1.817436456188119,4.0,4.279258161912051,0,0.1296025201870394,uploaded_model_v1,0
2026-04-27T18:48:07.464939,37.0,23.769808974596152,6.69632900194352,1.0,5.233315520325679,1,0.9434717514442684,uploaded_model_v1,1
2026-04-27T18:48:07.465925,45.0,31.09171447540561,2.2342087076352835,8.0,5.908598441434462,0,0.0,uploaded_model_v1,0
2026-04-27T18:48:07.467379,24.0,19.131367896653508,5.143055280469661,1.0,9.35610562562482,1,0.9553507346487459,uploaded_model_v1,1
2026-04-27T18:48:07.468715,25.0,28.9200574384272,5.553204588078648,5.0,4.698047862516776,0,0.04978764541528018,uploaded_model_v1,0
2026-04-27T18:48:07.469963,52.0,31.130542676171565,4.101238025160424,6.0,3.6391616178126913,0,0.07619581078659468,uploaded_model_v1,0
2026-04-27T18:48:07.470937,31.0,25.353365597973134,2.4424854135738503,6.0,5.230827227933665,0,0.1397676738515203,uploaded_model_v1,0
2026-04-27T18:48:07.471988,34.0,34.96006848240808,1.701155010968769,5.0,3.7327317937487337,0,0.0,uploaded_model_v1,0
2026-04-27T18:48:07.473174,53.0,20.34516156894298,0.2655148364994097,3.0,3.900175401723868,0,0.06266644078912434,uploaded_model_v1,0
2026-04-27T18:48:07.474164,57.0,19.653031198187797,2.4315712099257905,5.0,7.0169541858251865,1,0.5114061651647408,uploaded_model_v1,1
2026-04-27T18:48:07.475267,21.0,34.020152636479274,5.225302324250264,8.0,3.426313531696453,0,0.06031660452210566,uploaded_model_v1,0
2026-04-27T18:48:07.476269,19.0,28.90080895653637,7.506438547587861,2.0,3.2165161697549625,0,0.05018611109903441,uploaded_model_v1,0
2026-04-27T18:48:07.477201,23.0,33.14485272141019,6.969635858104416,6.0,8.000898710293484,0,0.4523405048046926,uploaded_model_v1,1
2026-04-27T18:48:07.478203,59.0,27.566201449282417,6.128518212282421,9.0,5.531529663887312,0,0.06995066229386535,uploaded_model_v1,0
2026-04-27T18:48:07.479404,21.0,23.42084473126035,6.3075787460263895,8.0,3.877627444637113,1,0.9224584137987883,uploaded_model_v1,1
2026-04-27T18:48:07.480345,46.0,36.020250988832395,5.319879227807962,8.0,4.775289396017958,0,0.05672383863023934,uploaded_model_v1,0
2026-04-27T18:48:07.481296,35.0,35.58714933731754,2.082294860528024,8.0,7.494605551466793,0,0.036480942516156564,uploaded_model_v1,0
2026-04-27T18:48:07.482460,43.0,33.28332235879739,7.257560245646639,7.0,4.928755969985958,0,0.07228625854640654,uploaded_model_v1,0
2026-04-27T18:48:07.483496,51.0,23.98719301905918,5.365858495246672,8.0,6.461647875842855,1,0.9707101395533367,uploaded_model_v1,1
2026-04-27T18:48:07.484807,27.0,30.98507467111992,4.48352504784352,6.0,3.851867147086706,0,0.062125510920338876,uploaded_model_v1,0
2026-04-27T18:48:07.485764,53.0,25.94142573268059,0.8879157537078486,2.0,7.1166554632381285,1,0.5168256467272884,uploaded_model_v1,1
2026-04-27T18:48:07.486758,31.0,20.014805613185956,3.5764443504514034,2.0,5.212543786902849,1,0.9131198772714832,uploaded_model_v1,1
2026-04-27T18:48:07.487760,48.0,38.18089866016934,3.6828661696154095,8.0,7.388779041701015,0,0.4282898570883416,uploaded_model_v1,1
2026-04-27T18:48:07.488764,32.0,21.01000988021715,6.91650887618136,1.0,8.65876417612816,1,0.9559438582655352,uploaded_model_v1,1
2026-04-27T18:48:07.490038,25.0,38.90522178405765,4.373185761502308,6.0,7.281524935729947,0,0.4313097108684413,uploaded_model_v1,0
2026-04-27T18:48:07.491161,31.0,27.812127005075027,3.043204391763277,6.0,5.0702329381651445,0,0.07184138774001388,uploaded_model_v1,0
2026-04-27T18:48:07.492250,40.0,22.072924434449632,7.814402628085275,4.0,4.790205910838103,1,0.9247760313887116,uploaded_model_v1,1
2026-04-27T18:48:07.493263,57.0,29.92182084232388,0.8857647466105254,3.0,5.291946711134136,0,0.004637197664720601,uploaded_model_v1,0
2026-04-27T18:48:07.494206,38.0,37.20480838928098,3.380387426495557,3.0,4.152343592655534,0,0.073582425390255,uploaded_model_v1,0
2026-04-27T18:48:07.495294,33.0,34.10894750101035,0.3361974013712423,1.0,4.268202955950141,0,0.0,uploaded_model_v1,0
2026-04-27T18:48:07.496408,35.0,35.744345252951895,5.919232966135443,3.0,8.534837713301176,0,0.38266443087387914,uploaded_model_v1,0
2026-04-27T18:48:07.497409,41.0,32.49323406763578,7.344612417593205,4.0,5.693128035552115,0,0.06127722551173716,uploaded_model_v1,0
2026-04-27T18:48:07.498452,43.0,33.23008441939275,2.2402986364039155,5.0,6.051966263994101,0,0.11208726488066605,uploaded_model_v1,0
2026-04-27T18:48:07.499412,42.0,36.68230433443702,6.866733414392967,3.0,7.158346258967678,0,0.39345049548514266,uploaded_model_v1,0
2026-04-27T18:48:07.500994,58.0,23.49269619490209,2.337745843695182,6.0,7.127574466060834,0,0.4389991006494888,uploaded_model_v1,0
2026-04-27T18:48:07.502520,46.0,28.76734920014909,7.286161293151322,5.0,3.47163810065348,0,0.07586338860649938,uploaded_model_v1,0
2026-04-27T18:48:07.503970,32.0,22.866607720031247,6.031695228774272,3.0,8.82078550436366,1,0.9536395544504841,uploaded_model_v1,1
2026-04-27T18:48:07.505184,18.0,39.72869617592623,6.439254214731509,6.0,4.241285872567576,0,0.09608476620612598,uploaded_model_v1,0
2026-04-27T18:48:07.506241,42.0,38.76930547310549,0.144052444803636,6.0,8.061501452347681,0,0.05401489283231571,uploaded_model_v1,0
2026-04-27T18:48:07.507430,24.0,18.86738985010713,7.702482856592208,8.0,8.408696916897167,1,0.9762708811730456,uploaded_model_v1,1
2026-04-27T18:48:07.508479,26.0,33.52265379534515,5.813367936562586,2.0,8.004296738639196,0,0.4006159638736137,uploaded_model_v1,0
2026-04-27T18:48:07.509578,41.0,38.35546298314465,2.4380087630890666,1.0,7.052843525879016,0,0.062304854599242905,uploaded_model_v1,0
2026-04-27T18:48:07.510607,18.0,21.972657592801337,6.635157318870776,4.0,3.10226297976218,1,0.9348485271320809,uploaded_model_v1,1
2026-04-27T18:48:07.511605,25.0,30.49479507215785,2.25216958731944,7.0,5.522628446542194,0,0.00016666666666666666,uploaded_model_v1,0
2026-04-27T18:48:07.512778,41.0,38.14074254693692,6.982030716529024,3.0,7.233876005538068,0,0.38047173822637537,uploaded_model_v1,0
2026-04-27T18:48:07.513671,28.0,18.746811528887573,0.9006431232954961,3.0,5.712159071457771,0,0.09650046068668133,uploaded_model_v1,0
2026-04-27T18:48:07.514700,34.0,33.34324587943048,5.629487819686366,5.0,9.04435926438969,0,0.4085828942578578,uploaded_model_v1,0
2026-04-27T18:48:07.515601,25.0,24.54167816219612,4.325587813159283,5.0,5.161615927447308,1,0.9257388357649683,uploaded_model_v1,1
2026-04-27T18:48:07.516542,52.0,38.33671629828367,0.7722757615635265,3.0,5.054743547210623,0,0.0008609738884968243,uploaded_model_v1,0
2026-04-27T18:48:07.517841,52.0,39.36328139363809,1.935150626070712,9.0,4.861983851648606,0,0.008769230769230769,uploaded_model_v1,0
2026-04-27T18:48:07.519702,50.0,38.77386276049555,0.0992322902185183,4.0,5.329466082725569,0,0.0007692307692307692,uploaded_model_v1,0
2026-04-27T18:48:07.521108,22.0,28.432712766464203,3.750143723716047,3.0,6.90183475019931,0,0.44477054191228194,uploaded_model_v1,0
2026-04-27T18:48:07.522224,59.0,36.96493832176489,2.410122086080003,2.0,7.949107059908136,0,0.08093033615658125,uploaded_model_v1,0
2026-04-27T18:48:07.523210,56.0,36.58008676777155,4.786859874382071,9.0,7.637975424171495,0,0.3529735941183305,uploaded_model_v1,0
2026-04-27T18:48:07.524207,58.0,25.020210411351623,2.377902461668937,4.0,8.654024739870358,0,0.4846412180734795,uploaded_model_v1,0
2026-04-27T18:48:07.525246,45.0,36.2361404313149,2.399352892055877,3.0,9.201397968481974,0,0.043271645194258586,uploaded_model_v1,0
2026-04-27T18:48:07.526453,24.0,18.81416796374084,5.945545589852827,7.0,8.71255329640346,1,0.9717843689924157,uploaded_model_v1,1
2026-04-27T18:48:07.527578,26.0,31.11793732660517,0.3851426878268276,8.0,3.132617823620482,0,0.00016666666666666666,uploaded_model_v1,0
2026-04-27T18:48:07.528691,25.0,23.060194420329463,7.223159961535898,2.0,8.151425674863921,1,0.96578100282929,uploaded_model_v1,1
2026-04-27T18:48:07.529667,29.0,20.652471487100133,6.818110995129452,7.0,4.458797015328321,1,0.9305330342428715,uploaded_model_v1,1
2026-04-27T18:48:07.530886,51.0,19.6929704358426,5.342437465811252,5.0,3.9304962989558794,1,0.9128787735815627,uploaded_model_v1,1
2026-04-27T18:48:07.532077,50.0,33.31835306931907,4.745772560859074,5.0,7.4694214935939485,0,0.4259244751150081,uploaded_model_v1,1
2026-04-27T18:48:07.533051,40.0,25.47724920289745,7.138419985117218,3.0,5.238202367853864,1,0.9257881796684508,uploaded_model_v1,1
2026-04-27T18:48:07.534317,41.0,33.94486897363275,1.4826414362297156,5.0,3.399820143593103,0,0.0,uploaded_model_v1,0
2026-04-27T18:48:07.535229,54.0,19.43783949757673,0.6317532975266289,2.0,3.9634081407885295,0,0.05823078521573964,uploaded_model_v1,0
2026-04-27T18:48:07.536351,52.0,24.936387432273428,1.9160813592763049,4.0,3.006505918089728,0,0.10403442140728086,uploaded_model_v1,0
2026-04-27T18:48:07.537325,57.0,29.868808432257417,6.356626229601522,6.0,9.322565391412953,1,0.5087190820447788,uploaded_model_v1,1
2026-04-27T18:48:07.538324,39.0,35.3959096264572,0.2773621338118666,1.0,3.17232588688867,0,0.0,uploaded_model_v1,0
2026-04-27T18:48:07.539383,44.0,25.012555064505538,4.662454680667917,4.0,4.466190386566577,1,0.9377953912756846,uploaded_model_v1,1
2026-04-27T18:48:07.540645,52.0,31.7696102816142,7.963500129530479,6.0,5.913839464815352,0,0.0867158535021838,uploaded_model_v1,0
2026-04-27T18:48:07.541652,18.0,37.491510461196114,6.845568750700315,9.0,5.495999281655734,0,0.0681019124183071,uploaded_model_v1,0
2026-04-27T18:48:07.542585,52.0,31.5489901400107,4.171565512348716,2.0,9.382081138389433,0,0.47123078979577804,uploaded_model_v1,1
2026-04-27T18:48:07.543519,54.0,23.125108444579944,0.5091272742931388,7.0,3.282022620141795,0,0.10250720198783438,uploaded_model_v1,0
2026-04-27T18:48:07.544649,31.0,18.53681719424384,6.650988115085679,6.0,6.585502953739361,1,0.9691699668403071,uploaded_model_v1,1
2026-04-27T18:48:07.545714,20.0,37.14217522582046,4.791828065417684,2.0,7.763356237670617,0,0.45361302341174764,uploaded_model_v1,1
2026-04-27T18:48:07.546682,18.0,18.46792703870852,0.9194639764765348,8.0,9.52188581576818,1,0.6052445793447453,uploaded_model_v1,1
2026-04-27T18:48:07.547645,22.0,37.24343679905239,0.7508582785868496,7.0,7.342598764866047,0,0.05664212729027355,uploaded_model_v1,0
2026-04-27T18:48:07.548735,43.0,29.636616948598665,7.277014555492739,5.0,8.626286652082339,0,0.4083420712741693,uploaded_model_v1,1
2026-04-27T18:48:07.549873,31.0,38.65948936728371,5.353602103504628,5.0,3.586074564917439,0,0.06538377878469116,uploaded_model_v1,0
2026-04-27T18:48:07.551048,56.0,35.57323118702064,6.634294394534044,7.0,5.701576576558491,0,0.051372932154546296,uploaded_model_v1,0
2026-04-27T18:48:07.552009,44.0,39.95455043173342,7.031831202258139,9.0,5.6176299413534725,0,0.06670101567679215,uploaded_model_v1,0
2026-04-27T18:48:07.553028,26.0,25.715659939937623,4.574178816386578,9.0,9.204017515190024,1,0.9685840972545886,uploaded_model_v1,1
2026-04-27T18:48:07.554282,32.0,34.87814235648479,4.13957081404033,9.0,4.059598198842925,0,0.053016854294430135,uploaded_model_v1,0
2026-04-27T18:48:07.555253,32.0,26.84248009940333,3.443419282567921,6.0,4.063203206356412,1,0.7995950012696675,uploaded_model_v1,1
2026-04-27T18:48:07.556168,43.0,28.557263646686,2.5355727023289543,6.0,5.2999070492005895,0,0.0,uploaded_model_v1,0
2026-04-27T18:48:07.557111,59.0,31.805120190804143,3.476767686869694,3.0,3.381262331567863,0,0.06666422065943584,uploaded_model_v1,0
2026-04-27T18:48:07.558068,30.0,37.22089651209946,6.191037245841251,1.0,4.277206284567431,0,0.06366761795695167,uploaded_model_v1,0
2026-04-27T18:48:07.559177,49.0,39.64983632238449,4.815387448121053,7.0,9.756467469820146,0,0.43845604824880197,uploaded_model_v1,0
2026-04-27T18:48:07.560215,56.0,34.9020151050194,7.140186319638769,4.0,5.9972875790702105,0,0.08359625387582298,uploaded_model_v1,0
2026-04-27T18:48:07.561148,49.0,27.190869207681345,3.547040115033502,1.0,7.424134458957055,0,0.4635390779976629,uploaded_model_v1,1
2026-04-27T18:48:07.562227,21.0,27.269854050095542,4.856716629750032,8.0,8.082778815412459,0,0.41443459993859827,uploaded_model_v1,0
2026-04-27T18:48:07.563309,47.0,34.22681063495561,5.05046042473591,6.0,5.568729849050404,0,0.06305542456086925,uploaded_model_v1,0
2026-04-27T18:48:07.564173,54.0,23.25309720690265,4.733577298450604,6.0,4.030589520873619,1,0.9138562076797894,uploaded_model_v1,1
2026-04-27T18:48:07.565189,40.0,20.43043048889068,5.621070184684131,2.0,4.446067113552466,1,0.9351361661323,uploaded_model_v1,1
2026-04-27T18:48:07.566202,56.0,25.80168746809709,1.8994677469984504,1.0,5.192865336064273,0,0.07420403147458172,uploaded_model_v1,0
2026-04-27T18:48:07.567372,32.0,24.3192578163898,4.098910220366325,2.0,7.4524789424655795,1,0.9533898235872015,uploaded_model_v1,1
2026-04-27T18:48:07.569710,46.0,24.518778650031784,0.8337984224667814,4.0,5.7879638436233805,0,0.08766258847976632,uploaded_model_v1,0
2026-04-27T18:48:07.571850,53.0,23.13937052309802,3.0760906211585004,2.0,3.0477028853008967,1,0.9213733932244231,uploaded_model_v1,1
2026-04-27T18:48:07.574006,30.0,18.92605017199996,3.9013365489701153,1.0,6.663850295472303,1,0.9419720608624504,uploaded_model_v1,1
2026-04-27T18:48:07.575501,49.0,18.393226564135105,5.21779407636378,7.0,9.450593743351924,1,0.9480601820207843,uploaded_model_v1,1
2026-04-27T18:48:07.576650,24.0,39.72989257419269,7.604248420689628,8.0,8.684543277060754,0,0.4022269140825493,uploaded_model_v1,0
2026-04-27T18:48:07.577723,39.0,27.41100894218897,4.805208532386847,6.0,8.776479598817417,0,0.4059273411498265,uploaded_model_v1,1
2026-04-27T18:48:07.578924,45.0,26.455186237513,5.948751329412478,4.0,8.56540612324292,1,0.9377353811167345,uploaded_model_v1,1
2026-04-27T18:48:07.579902,19.0,32.952240219247535,4.050128475961622,6.0,5.266115779272965,0,0.06858689327506313,uploaded_model_v1,0
2026-04-27T18:48:07.580867,59.0,22.80158553303141,5.0728322510106505,3.0,8.356356836280744,1,0.9349119102985939,uploaded_model_v1,1
2026-04-27T18:48:07.581850,23.0,38.89914604690496,0.5674577290701874,8.0,4.002129504678351,0,0.0,uploaded_model_v1,0
2026-04-27T18:48:07.583017,45.0,35.29959031714215,2.035132646734776,2.0,7.604013030931674,0,0.04312068001664526,uploaded_model_v1,0
2026-04-27T18:48:07.584429,45.0,19.967042050869708,2.8948247456411096,5.0,7.490979966794961,1,0.7179388244095085,uploaded_model_v1,1
2026-04-27T18:48:07.586230,37.0,27.186777067268423,3.779946840052109,1.0,3.1789885936281426,0,0.08694468899397523,uploaded_model_v1,0
2026-04-27T18:48:07.587554,47.0,37.34060276636762,0.3651899640190699,6.0,8.515790935136522,0,0.059638038970151276,uploaded_model_v1,0
2026-04-27T18:48:07.588739,28.0,38.78410449041103,1.1201927804265417,2.0,9.322736735665911,0,0.04362470399954974,uploaded_model_v1,0
2026-04-27T18:48:07.589772,45.0,28.28283324749713,2.2145144623304462,4.0,4.871906949304753,0,9.174311926605505e-05,uploaded_model_v1,0
2026-04-27T18:48:07.590937,42.0,31.49505056263557,7.772261527208405,6.0,8.686735069303056,0,0.38427242520499794,uploaded_model_v1,0
2026-04-27T18:48:07.592197,56.0,21.674746814025653,2.650776056824406,8.0,3.5768418030336373,0,0.10598082415046545,uploaded_model_v1,0
2026-04-27T18:48:07.593215,50.0,39.80570977501348,3.85632846489666,8.0,7.199775007827462,0,0.37494698672533666,uploaded_model_v1,0
2026-04-27T18:48:07.594294,18.0,23.096777430435758,1.5687817019071435,6.0,6.39952805733994,0,0.4226496157588964,uploaded_model_v1,0
2026-04-27T18:48:07.595338,44.0,38.740099030972765,4.886240568606146,4.0,6.821464733163,0,0.4874051782394955,uploaded_model_v1,1
2026-04-27T18:48:07.596380,30.0,32.29222627783211,2.2454657241277944,8.0,9.483436413190416,0,0.031837596464788946,uploaded_model_v1,0
2026-04-27T18:48:07.597488,58.0,31.3702094873349,1.6559406275074142,8.0,9.099206730727976,0,0.04338691436932727,uploaded_model_v1,0
2026-04-27T18:48:07.598529,20.0,29.279147242363187,4.1325810275678325,1.0,8.4955856006783,0,0.4308441984232438,uploaded_model_v1,0
2026-04-27T18:48:07.599584,56.0,23.07473585779069,0.0440463932833665,4.0,4.915889203748597,0,0.09176862007733044,uploaded_model_v1,0
2026-04-27T18:48:07.600948,23.0,21.88361670412118,0.0613122611938026,4.0,9.38273040080264,1,0.5195915454191181,uploaded_model_v1,1
2026-04-27T18:48:07.602073,25.0,22.85069659954386,1.7525504728148622,7.0,3.682553847247127,0,0.14990431149965494,uploaded_model_v1,0
2026-04-27T18:48:07.603487,44.0,22.1016417671736,0.2937709000065691,7.0,8.973304515911515,0,0.40285393260693675,uploaded_model_v1,0
2026-04-27T18:48:07.604546,26.0,35.15085841846857,0.864206033045531,8.0,5.297120506475254,0,0.00016666666666666666,uploaded_model_v1,0
2026-04-27T18:48:07.605606,54.0,25.70275570166806,2.7108851947100128,5.0,3.376406181633884,0,0.1292793917026723,uploaded_model_v1,0
2026-04-27T18:48:07.606565,50.0,19.27253888439472,6.420685436638503,7.0,7.685498889685238,1,0.9624928570618642,uploaded_model_v1,1
2026-04-27T18:48:07.607533,59.0,39.32025786309785,4.576389146954407,8.0,4.618959498211688,0,0.07971673960876142,uploaded_model_v1,0
2026-04-27T18:48:07.608604,41.0,37.44328946919536,4.101341807651331,9.0,4.704997881052424,0,0.05056900936265508,uploaded_model_v1,0
2026-04-27T18:48:07.609576,32.0,38.41055023029469,2.347910585664973,3.0,5.1423301636014,0,0.0007167431192660551,uploaded_model_v1,0
2026-04-27T18:48:07.610628,49.0,39.88797209822158,7.454029755462531,3.0,3.445793372517617,0,0.07938433394997918,uploaded_model_v1,0
2026-04-27T18:48:07.611732,49.0,21.82569548282872,3.1761203298975333,4.0,4.2398900093877785,1,0.9195163717263809,uploaded_model_v1,1
2026-04-27T18:48:07.612756,41.0,26.71732441585849,0.6967421343661719,5.0,3.0359773930989222,0,0.12485195986463038,uploaded_model_v1,0
2026-04-27T18:48:07.613895,58.0,34.681246465490005,4.93653212894241,1.0,6.117866647740508,0,0.49550146922377114,uploaded_model_v1,1
2026-04-27T18:48:07.615017,29.0,33.31245359718343,0.9107071478128111,7.0,3.589787641925799,0,0.00016666666666666666,uploaded_model_v1,0
2026-04-27T18:48:07.615991,56.0,21.38570993947681,2.7617851424135367,9.0,7.778568235309393,0,0.40159411159985914,uploaded_model_v1,0
2026-04-27T18:48:07.616967,19.0,35.94832874979359,4.059295509742471,8.0,4.649359958341538,0,0.05493496508486374,uploaded_model_v1,0
2026-04-27T18:48:07.618074,20.0,22.937692580406534,6.9937801974814064,5.0,9.60501900824624,1,0.9676177412158521,uploaded_model_v1,1
2026-04-27T18:48:07.619248,54.0,22.923987526097708,3.948372642720949,4.0,9.098761391790568,1,0.9040430706079731,uploaded_model_v1,1
2026-04-27T18:48:07.620203,34.0,29.8134373036551,5.618070128253314,7.0,5.026086264777458,0,0.06820488185870505,uploaded_model_v1,0
2026-04-27T18:48:07.621223,19.0,31.04467856651747,7.942534711992563,5.0,8.482508182596751,0,0.37472364964599075,uploaded_model_v1,0
2026-04-27T18:48:07.622141,19.0,30.761896572431844,1.051912959183853,7.0,8.622714332653644,0,0.03474151346714824,uploaded_model_v1,0
2026-04-27T18:48:07.623123,45.0,20.012710422750608,2.197852204156156,1.0,9.905941798800871,0,0.42854890204240753,uploaded_model_v1,1
2026-04-27T18:48:07.624274,40.0,37.30413897786837,3.1566086047811712,1.0,7.184879907919795,0,0.44503624424652694,uploaded_model_v1,1
2026-04-27T18:48:07.625225,54.0,23.843200936951533,3.374625428310651,3.0,3.573760142505636,1,0.9125619601258919,uploaded_model_v1,1
2026-04-27T18:48:07.626208,49.0,20.84932826822169,3.288168602124366,2.0,7.527860602484667,1,0.9145128761096334,uploaded_model_v1,1
2026-04-27T18:48:07.627155,50.0,37.55245775711749,7.260888020452439,2.0,7.374858238632246,0,0.403240107043155,uploaded_model_v1,0
2026-04-27T18:48:07.628086,18.0,39.024332961054576,5.712261155734852,7.0,7.468454041943023,0,0.4149251441971152,uploaded_model_v1,0
2026-04-27T18:48:07.629001,36.0,36.96680757983991,4.86324171272563,2.0,5.150019536729481,0,0.06250202841829705,uploaded_model_v1,0
2026-04-27T18:48:07.630036,19.0,35.80935364394732,2.4749817429022567,4.0,9.017757095562333,0,0.02783801947339122,uploaded_model_v1,0
2026-04-27T18:48:07.630994,43.0,32.41532357405848,6.5903230737703575,2.0,9.716305280687884,0,0.4763652711449046,uploaded_model_v1,1
2026-04-27T18:48:07.631933,49.0,30.118862153401064,7.640484091879911,6.0,4.52398759084706,0,0.07493183270581126,uploaded_model_v1,0
2026-04-27T18:48:07.633021,23.0,19.913708718051023,6.569586260401812,8.0,3.617065106956512,1,0.923741545956518,uploaded_model_v1,1
2026-04-27T18:48:07.634552,49.0,26.985970687555373,0.0125208415317832,4.0,4.361745232179389,0,0.012109533468559839,uploaded_model_v1,0
2026-04-27T18:48:07.636595,21.0,26.199147374270908,5.091210961467256,5.0,8.743864974790032,1,0.965409500075938,uploaded_model_v1,1
2026-04-27T18:48:07.638196,28.0,23.714583242727176,0.4090830515368058,4.0,7.736512443738932,1,0.5586904693451119,uploaded_model_v1,1
2026-04-27T18:48:07.639347,34.0,33.91524250114887,2.060857762669775,3.0,7.452331396373887,0,0.03678715996794401,uploaded_model_v1,0
2026-04-27T18:48:07.640313,55.0,28.90926617173296,0.4761976027821735,5.0,5.812551945765971,0,0.003076923076923077,uploaded_model_v1,0
2026-04-27T18:48:07.641339,41.0,19.78301674996825,4.830363623595102,9.0,7.04479580058005,1,0.9554747520945288,uploaded_model_v1,1
2026-04-27T18:48:07.642414,22.0,22.84403044289585,5.492719307940854,8.0,5.155118876920572,1,0.9349186256678607,uploaded_model_v1,1
2026-04-27T18:48:07.643390,51.0,33.03169280051111,0.9159011045272408,8.0,6.340400555925729,0,0.06028144870120574,uploaded_model_v1,0
2026-04-27T18:48:07.644410,23.0,19.674878908786603,3.070711064359836,8.0,8.551441198594592,1,0.9625881928885016,uploaded_model_v1,1
2026-04-27T18:48:07.645456,39.0,36.72655210907291,3.649892071644336,8.0,9.868691182188236,0,0.49587339442907885,uploaded_model_v1,1
2026-04-27T18:48:07.646460,28.0,28.89322359430744,2.9524241740873327,7.0,9.527422465128613,0,0.07254233786443277,uploaded_model_v1,0
2026-04-27T18:48:07.647489,33.0,28.572904701186257,0.9682000038815444,8.0,9.537061599923742,0,0.03580723143956918,uploaded_model_v1,0
2026-04-27T18:48:07.648519,50.0,31.032971262509385,3.3515823214998037,8.0,5.815566143929787,0,0.08228750224201947,uploaded_model_v1,0
2026-04-27T18:48:07.649458,26.0,36.14298125035328,6.009424382467345,8.0,6.281529163547536,0,0.3827137977120312,uploaded_model_v1,0
2026-04-27T18:48:07.650775,23.0,25.651802573848247,0.5680613162660437,7.0,7.939447774582871,0,0.4964503852479597,uploaded_model_v1,0
2026-04-27T18:48:07.652748,33.0,32.9163553562994,0.6414401126552276,1.0,9.455343496358989,0,0.048611489610943276,uploaded_model_v1,0
2026-04-27T18:48:07.654224,46.0,30.44610320790741,2.8381703346878737,4.0,3.993959815464593,0,9.174311926605505e-05,uploaded_model_v1,0
2026-04-27T18:48:07.655426,20.0,23.87462194372727,7.5338056929514,4.0,5.12969304679037,1,0.9369269420091819,uploaded_model_v1,1
2026-04-27T18:48:07.656514,37.0,37.32985969981348,5.348581173783312,5.0,3.974727912158767,0,0.07002145846863331,uploaded_model_v1,0
2026-04-27T18:48:07.657512,53.0,35.54337247535241,5.429359653380518,6.0,7.284059709716187,0,0.3705947486932545,uploaded_model_v1,0
2026-04-27T18:48:07.658570,36.0,32.48594036248536,2.89535992670292,4.0,5.144106978212763,0,0.0068551460921655386,uploaded_model_v1,0
2026-04-27T18:48:07.659599,43.0,36.71279804007333,4.749286329668307,2.0,5.282754967588014,0,0.0712886404550196,uploaded_model_v1,0
2026-04-27T18:48:07.660640,20.0,37.08047242111565,0.081049472221947,6.0,3.496411716415855,0,0.0,uploaded_model_v1,0
2026-04-27T18:48:07.661705,36.0,33.583985487730764,5.088768371276338,8.0,5.448572432653144,0,0.051617413588985916,uploaded_model_v1,0
2026-04-27T18:48:07.662702,37.0,36.41429322400079,7.306295580609894,8.0,9.037475551811095,0,0.38087327324254594,uploaded_model_v1,1
2026-04-27T18:48:07.663728,49.0,33.34437215672424,4.9005877467585535,7.0,4.631509683235844,0,0.0642937741046692,uploaded_model_v1,0
2026-04-27T18:48:07.664846,24.0,32.96309697872661,6.98958874773076,6.0,7.866312263470459,0,0.4279173618511998,uploaded_model_v1,0
2026-04-27T18:48:07.665794,58.0,31.60945032073405,5.791784443728751,2.0,7.407398414570149,0,0.35826813749614894,uploaded_model_v1,0
2026-04-27T18:48:07.666814,50.0,34.55976607026811,0.964467331229522,7.0,9.044392258583809,0,0.03615344997449875,uploaded_model_v1,0
2026-04-27T18:48:07.668284,57.0,21.48931231644762,7.219626458286734,5.0,3.926015633557268,1,0.9138122817422049,uploaded_model_v1,1
2026-04-27T18:48:07.669347,56.0,37.37915670237643,0.5315507548461991,6.0,9.843129722415302,0,0.06216034871591254,uploaded_model_v1,0
2026-04-27T18:48:07.670452,35.0,37.18055761039511,4.27173978038211,8.0,7.078400522282559,0,0.4344863979174778,uploaded_model_v1,0
2026-04-27T18:48:07.671630,57.0,18.6434402267603,1.137096990347661,8.0,9.9683190664277,1,0.59044464996629,uploaded_model_v1,1
2026-04-27T18:48:07.672695,18.0,36.16796851242478,0.0936528858472325,3.0,9.380603081060956,0,0.03216407155731142,uploaded_model_v1,0
2026-04-27T18:48:07.673738,28.0,20.835137084415795,3.376274081021112,7.0,4.5506209047917405,1,0.9260143341603307,uploaded_model_v1,1
2026-04-27T18:48:07.674710,45.0,25.37261479370112,2.36032566123325,1.0,3.3931340693231915,0,0.07860744471548775,uploaded_model_v1,0
2026-04-27T18:48:07.675870,42.0,34.35718163841537,3.888003950380824,1.0,4.78947365656753,0,0.06652661610578865,uploaded_model_v1,0
2026-04-27T18:48:07.676859,40.0,21.53671771306278,4.617599093876406,7.0,6.69294554299594,1,0.9645385494439906,uploaded_model_v1,1
2026-04-27T18:48:07.677834,48.0,35.99527453061937,0.3499125784715788,9.0,4.20117456945633,0,0.0,uploaded_model_v1,0
2026-04-27T18:48:07.678876,47.0,36.30695191507032,0.9840263609899652,7.0,4.172218211625919,0,0.0,uploaded_model_v1,0
2026-04-27T18:48:07.680039,59.0,29.164290142738395,4.469139171603403,5.0,6.238154829736072,1,0.5245930959043927,uploaded_model_v1,1
2026-04-27T18:48:07.681111,52.0,18.140489177770338,2.745338825381266,8.0,3.2328757981855087,0,0.1425278247553266,uploaded_model_v1,0
2026-04-27T18:48:07.682024,24.0,24.31483892984808,5.833387900395584,2.0,3.853216577725893,1,0.9248889614329404,uploaded_model_v1,1
2026-04-27T18:48:07.683109,33.0,31.57239220426633,5.218333188735517,9.0,5.911029375855633,0,0.07334169079225764,uploaded_model_v1,0
2026-04-27T18:48:07.684513,43.0,39.58609591660331,6.764834903919255,6.0,3.441909364455765,0,0.06302895131170182,uploaded_model_v1,0
2026-04-27T18:48:07.685670,19.0,31.899897594366703,5.539942613353802,9.0,5.777285395188706,0,0.05544429060551287,uploaded_model_v1,0
2026-04-27T18:48:07.686800,18.0,23.71567878341152,3.439448619121185,2.0,6.318043861639115,1,0.9590733138517357,uploaded_model_v1,1
2026-04-27T18:48:07.687751,29.0,31.94812546819145,5.383732979155459,3.0,6.158866298511801,0,0.4599433124509252,uploaded_model_v1,1
2026-04-27T18:48:07.688821,22.0,29.879678353748822,2.203049394043348,8.0,9.08422400182161,0,0.036787227002320344,uploaded_model_v1,0
2026-04-27T18:48:07.689833,54.0,35.15659869332516,2.450507990225701,1.0,6.710437185362127,0,0.05648081102787248,uploaded_model_v1,0
2026-04-27T18:48:07.690949,49.0,20.35357405419309,6.311881279366347,7.0,6.275863237346304,1,0.9481120559134187,uploaded_model_v1,1
2026-04-27T18:48:07.691889,26.0,34.74261385504462,3.5713561312126574,7.0,5.874964717741664,0,0.0643377417805539,uploaded_model_v1,0
2026-04-27T18:48:07.692887,58.0,29.907864730874422,6.38704272414682,1.0,8.723363648131404,0,0.4363258620498284,uploaded_model_v1,1
2026-04-27T18:48:07.693820,52.0,39.18582408489788,6.579378989346227,9.0,9.265396227998831,0,0.4736436134450295,uploaded_model_v1,1
2026-04-27T18:48:07.694735,36.0,25.521187652851093,6.86049870129027,8.0,8.972697284379823,1,0.9716430257514831,uploaded_model_v1,1
2026-04-27T18:48:07.695664,33.0,31.91768164894686,7.333081886729658,4.0,7.714826046919736,0,0.39192868584742485,uploaded_model_v1,0
2026-04-27T18:48:07.696711,20.0,38.504618321220384,3.44788176410637,5.0,3.96153222178072,0,0.07732602661638482,uploaded_model_v1,0
2026-04-27T18:48:07.697653,37.0,20.255214015794945,2.5509345465691107,2.0,4.938089786444086,0,0.07531351456058863,uploaded_model_v1,0
2026-04-27T18:48:07.698704,41.0,38.619026719201926,4.657589972752911,9.0,3.3224414457738423,0,0.05403811048625058,uploaded_model_v1,0
2026-04-27T18:48:07.699624,50.0,33.13348589061789,2.9693793875010206,6.0,9.5157685249308,0,0.08718394353418851,uploaded_model_v1,0
2026-04-27T18:48:07.701082,41.0,19.49241530031378,4.808593334401864,3.0,7.625589707836372,1,0.9491816289715734,uploaded_model_v1,1
2026-04-27T18:48:07.702991,28.0,24.62119847282996,5.644686901150597,7.0,8.224540190192691,1,0.9761289835688112,uploaded_model_v1,1
2026-04-27T18:48:07.704452,25.0,33.5797859501962,5.507240147937095,9.0,5.1810021770756025,0,0.045422403538565075,uploaded_model_v1,0
2026-04-27T18:48:07.705594,53.0,19.481713232312977,2.996423096160971,3.0,8.919574655941396,1,0.5807905206202733,uploaded_model_v1,0
2026-04-27T18:48:07.706656,55.0,30.80775012387801,1.3348816135900226,2.0,4.81722298595935,0,9.174311926605505e-05,uploaded_model_v1,0
2026-04-27T18:48:07.707968,57.0,25.609427252965048,3.4442347076976603,7.0,3.011506299787148,1,0.9241795368054798,uploaded_model_v1,1
2026-04-27T18:48:07.708919,37.0,31.660141390884498,1.14075315265527,7.0,5.634904737644858,0,0.0,uploaded_model_v1,0
2026-04-27T18:48:07.710011,52.0,19.00632474387528,7.120776281470467,4.0,6.995330366713514,1,0.953594566605102,uploaded_model_v1,1
2026-04-27T18:48:07.711087,42.0,37.17380973535228,2.7670196859028597,9.0,6.350934005758658,0,0.051538062422428386,uploaded_model_v1,0
2026-04-27T18:48:07.712105,52.0,39.416757321902736,1.2356779777865905,8.0,9.03453299803618,0,0.03874807756912634,uploaded_model_v1,0
2026-04-27T18:48:07.713106,42.0,39.315312816285214,0.203582079246007,1.0,3.737837001693169,0,0.0011111111111111111,uploaded_model_v1,0
2026-04-27T18:48:07.714135,46.0,34.492340298344345,5.166579090291874,1.0,6.876764084436079,0,0.462259497964472,uploaded_model_v1,1
2026-04-27T18:48:07.715190,35.0,20.861897282873905,5.095218539637946,5.0,6.590855448746352,1,0.9628211581396429,uploaded_model_v1,1
2026-04-27T18:48:07.716270,35.0,34.6817903104385,2.7248333326503333,6.0,4.969750875205142,0,0.0,uploaded_model_v1,0
2026-04-27T18:48:07.717328,19.0,18.540912162093637,0.573695110781208,3.0,8.755596788039075,1,0.5995630216139952,uploaded_model_v1,1
2026-04-27T18:48:07.718768,52.0,18.48671813363794,3.277031159161856,9.0,8.269940591175445,1,0.9591188965032706,uploaded_model_v1,1
2026-04-27T18:48:07.720295,33.0,25.119424821289908,2.4897399605071486,6.0,8.130014311322817,1,0.6523965448829065,uploaded_model_v1,1
2026-04-27T18:48:07.721902,58.0,28.750150188902644,5.416965117880075,4.0,9.133347347886891,1,0.5049780546581415,uploaded_model_v1,1
2026-04-27T18:48:07.722929,53.0,34.948963191771455,4.846233995621523,7.0,8.059492204350647,0,0.37362269448403446,uploaded_model_v1,0
2026-04-27T18:48:07.724046,50.0,33.03249828534312,2.91674982558032,8.0,4.622889042003085,0,0.010582847417343928,uploaded_model_v1,0
2026-04-27T18:48:07.725044,21.0,27.809859540288464,1.7431404340399208,9.0,7.938938981547838,0,0.04695573416708436,uploaded_model_v1,0
2026-04-27T18:48:07.726226,50.0,24.01978665819665,7.904287729244735,6.0,5.153919693728907,1,0.919573534737569,uploaded_model_v1,1
2026-04-27T18:48:07.727303,31.0,39.93673900346965,3.632012969568919,6.0,4.695222552432294,0,0.06673084583941027,uploaded_model_v1,0
2026-04-27T18:48:07.728475,38.0,27.37598864919141,5.506193886241896,8.0,3.5110251502973915,0,0.06157371510385806,uploaded_model_v1,0
2026-04-27T18:48:07.729546,37.0,27.93051453525286,1.1244237406268862,5.0,8.208200062433736,0,0.038980024752946096,uploaded_model_v1,0
2026-04-27T18:48:07.730639,25.0,21.599724066216723,3.8847175972751824,3.0,7.977006733648679,1,0.9501598789463459,uploaded_model_v1,1
2026-04-27T18:48:07.731707,24.0,35.485810072498445,0.2202937589557239,3.0,4.641496343718656,0,0.00016666666666666666,uploaded_model_v1,0
2026-04-27T18:48:07.732749,20.0,33.26100896719275,4.0436409432836,6.0,8.245653117069093,0,0.4617200430857789,uploaded_model_v1,1
2026-04-27T18:48:07.733860,34.0,22.856931481352728,7.712139256941619,2.0,9.424886181654871,1,0.960505864610912,uploaded_model_v1,1
2026-04-27T18:48:07.734927,50.0,19.81238300354854,3.073653703886402,6.0,3.756202702441055,1,0.8975803572158223,uploaded_model_v1,1
2026-04-27T18:48:07.735990,29.0,32.97098464564369,0.3119681005992927,6.0,4.628456468707425,0,0.00016666666666666666,uploaded_model_v1,0
2026-04-27T18:48:07.737026,39.0,32.399246714184976,0.2476463273547482,8.0,8.251825558611209,0,0.03669500929197139,uploaded_model_v1,0
2026-04-27T18:48:07.738064,39.0,24.011709593960603,3.103894079574956,7.0,4.921546714549548,1,0.931740339069717,uploaded_model_v1,1
2026-04-27T18:48:07.739149,47.0,38.91899836950903,1.2801994917055524,8.0,7.3726478199860175,0,0.06662318648411998,uploaded_model_v1,0
2026-04-27T18:48:07.740166,55.0,21.323273619179805,0.1868167706254873,9.0,3.5681495712460016,0,0.08210148790130914,uploaded_model_v1,0
2026-04-27T18:48:07.741305,55.0,27.51136562293724,6.049708911601415,6.0,6.165417353724771,0,0.33193464179898524,uploaded_model_v1,0
2026-04-27T18:48:07.742396,25.0,38.75955024368717,3.6681840710551255,3.0,8.173639953950673,0,0.4159390358058562,uploaded_model_v1,0
2026-04-27T18:48:07.743423,44.0,27.23400097237469,2.313958175781236,3.0,7.805597601302768,0,0.04549479550256587,uploaded_model_v1,0
2026-04-27T18:48:07.744521,44.0,32.04757084860988,7.200665464131846,1.0,8.705504704730647,0,0.39450043556743014,uploaded_model_v1,0
2026-04-27T18:48:07.745676,51.0,26.747076755181475,0.9291116816042048,5.0,9.142164886222185,1,0.5062077879711839,uploaded_model_v1,1
2026-04-27T18:48:07.746842,38.0,24.03273445167074,7.647350631642554,4.0,8.412284508811307,1,0.9640396734642313,uploaded_model_v1,1
2026-04-27T18:48:07.747888,47.0,39.64750825511622,2.5117337390188226,9.0,7.701114200572482,0,0.052909834471991324,uploaded_model_v1,0
2026-04-27T18:48:07.748889,50.0,27.005348138930948,7.10722937846945,9.0,3.222057442712218,0,0.09689065020586898,uploaded_model_v1,0
2026-04-27T18:48:07.749872,45.0,37.67018248094096,4.823543011835692,5.0,6.744766713866108,0,0.4958104713385968,uploaded_model_v1,1
2026-04-27T18:48:07.751065,50.0,23.05900132960389,6.6136588779319,4.0,3.2638840744039697,1,0.9309168053788948,uploaded_model_v1,1
2026-04-27T18:48:07.752143,22.0,22.68830348855183,7.872105305683714,7.0,8.65647471981216,1,0.9789129210646181,uploaded_model_v1,1
2026-04-27T18:48:07.753073,36.0,18.68494982345925,2.307243502549966,6.0,5.245071671219703,0,0.11860856964465435,uploaded_model_v1,0
2026-04-27T18:48:07.754101,21.0,32.33667015826947,7.689083883260744,4.0,6.937005618825447,0,0.4350286474046136,uploaded_model_v1,0
2026-04-27T18:48:07.755148,52.0,26.107579561922744,3.115855159219363,2.0,4.956117151232318,1,0.9220486497624627,uploaded_model_v1,1
2026-04-27T18:48:07.756227,34.0,37.01588149647202,3.0840952378953785,1.0,8.477501010662056,0,0.4719678258234773,uploaded_model_v1,1
2026-04-27T18:48:07.757340,45.0,28.410617947214256,2.723096834036045,4.0,9.205517686493318,0,0.04726228528044995,uploaded_model_v1,0
2026-04-27T18:48:07.758312,47.0,39.30025541412388,4.331260858780682,4.0,5.790497459491448,0,0.07739188688524833,uploaded_model_v1,0
2026-04-27T18:48:07.759292,46.0,22.081561345468664,1.2331603454278968,1.0,9.040456754576924,0,0.3732188349592157,uploaded_model_v1,0
2026-04-27T18:48:07.760320,23.0,37.10970969502344,4.429691882864089,6.0,4.869525052194327,0,0.061731489960559945,uploaded_model_v1,0
2026-04-27T18:48:07.761465,52.0,35.08513076141832,4.333638499280032,4.0,6.742626461528667,0,0.47669263769734516,uploaded_model_v1,1
2026-04-27T18:48:07.762480,58.0,34.96028058216915,6.09521450083896,1.0,9.011330008870928,0,0.3795290068319121,uploaded_model_v1,0
2026-04-27T18:48:07.763488,54.0,36.58523101857153,6.6691996955006845,1.0,5.281169398310533,0,0.06964895203014913,uploaded_model_v1,0
2026-04-27T18:48:07.764449,41.0,34.742527800745975,3.5235308024993923,1.0,9.6782958555466,0,0.4739454078180638,uploaded_model_v1,0
2026-04-27T18:48:07.765412,46.0,31.77684707589114,2.41866599481195,8.0,3.8531565124696856,0,0.008461538461538461,uploaded_model_v1,0
2026-04-27T18:48:07.766350,48.0,20.887387309012528,2.074679178536756,8.0,3.127925488064544,0,0.09796856169860177,uploaded_model_v1,0
2026-04-27T18:48:07.767618,52.0,18.71557594880754,1.5569906936389757,2.0,9.328947468047335,0,0.42981703922091774,uploaded_model_v1,0
2026-04-27T18:48:07.769273,50.0,38.25865265194511,0.461180657592199,7.0,3.480540663035105,0,0.0007692307692307692,uploaded_model_v1,0
2026-04-27T18:48:07.770751,38.0,31.56630691945624,2.7395838306777067,8.0,9.943224371632445,0,0.0586368458254927,uploaded_model_v1,0
2026-04-27T18:48:07.772048,49.0,35.52382040147588,2.161981537046266,8.0,9.659778033853744,0,0.053625621278713405,uploaded_model_v1,0
2026-04-27T18:48:07.773055,40.0,28.593491733276103,7.731339086931259,7.0,3.9591463702542447,0,0.05340232989243611,uploaded_model_v1,0
2026-04-27T18:48:07.774147,50.0,20.58078015717268,4.461670610000351,5.0,6.7630923798479605,1,0.956749419014819,uploaded_model_v1,1
2026-04-27T18:48:07.775191,20.0,20.75408742845611,2.7782163122440604,1.0,4.2944420822700105,0,0.0996830924294776,uploaded_model_v1,0
2026-04-27T18:48:07.776264,35.0,33.08243631903737,4.643740807949568,9.0,5.997086211210839,0,0.07536821530203476,uploaded_model_v1,0
2026-04-27T18:48:07.777272,42.0,27.46672968778818,1.113573610765564,7.0,3.4299759048188285,0,0.0,uploaded_model_v1,0
2026-04-27T18:48:07.778199,59.0,22.41154398740741,3.5523499936176237,2.0,4.567472114576127,1,0.9191552930824238,uploaded_model_v1,1
2026-04-27T18:48:07.779128,48.0,28.815080028311613,5.009874571368511,6.0,5.542909574792297,0,0.06308447104089612,uploaded_model_v1,0
2026-04-27T18:48:07.780257,20.0,19.41259661565295,3.911182654339611,2.0,6.070532501722384,1,0.9461795785670775,uploaded_model_v1,1
2026-04-27T18:48:07.781249,57.0,30.80337084211677,3.214230405234594,1.0,9.842473807462252,1,0.5277013681457975,uploaded_model_v1,1
2026-04-27T18:48:07.782282,41.0,23.91785489757215,7.950787111197585,7.0,8.65505951978787,1,0.9716967277466392,uploaded_model_v1,1
2026-04-27T18:48:07.783280,49.0,35.54630021401814,7.042518097191416,2.0,8.161869610183622,0,0.40306770697035416,uploaded_model_v1,1
2026-04-27T18:48:07.784592,39.0,24.827963096318623,4.987247665275521,2.0,6.75928920319382,1,0.958225685161047,uploaded_model_v1,1
2026-04-27T18:48:07.786396,40.0,28.014843279799628,4.555018889458262,5.0,8.879984324230403,0,0.3591506200813353,uploaded_model_v1,0
2026-04-27T18:48:07.787914,19.0,18.255651877978213,4.965283838596672,5.0,5.375259849589978,1,0.9105453631787285,uploaded_model_v1,1
2026-04-27T18:48:07.789053,44.0,19.59383153148029,1.610496862579466,7.0,7.962293789413213,0,0.42399121874841506,uploaded_model_v1,1
2026-04-27T18:48:07.790103,59.0,26.634858240947068,3.161101946114549,1.0,9.956487827647203,1,0.9127371642748018,uploaded_model_v1,1
2026-04-27T18:48:07.791232,19.0,28.55865436377672,0.3156762631271945,8.0,5.202402362546391,0,0.00016666666666666666,uploaded_model_v1,0
2026-04-27T18:48:07.792603,43.0,31.200452058624684,3.804368299894613,3.0,7.718122744187771,0,0.4234492732459201,uploaded_model_v1,0
2026-04-27T18:48:07.793747,34.0,24.41657673160467,4.344196671661305,4.0,8.910204049066678,1,0.9484357796261905,uploaded_model_v1,1
2026-04-27T18:48:07.794953,57.0,33.28960149478394,1.8219978888256767,9.0,9.410653083454706,0,0.04412462975870623,uploaded_model_v1,0
2026-04-27T18:48:07.796042,50.0,36.922692738162496,7.71223077732411,4.0,8.025528836580712,0,0.4059213203756862,uploaded_model_v1,1
2026-04-27T18:48:07.796999,26.0,35.15672175565369,7.275636887497936,5.0,4.9852554639199536,0,0.055643196219219516,uploaded_model_v1,0
2026-04-27T18:48:07.798157,56.0,18.871614157663856,5.777145883647247,7.0,5.283975060982625,1,0.919533786683455,uploaded_model_v1,1
2026-04-27T18:48:07.799151,46.0,28.57115283967224,4.267093030122901,4.0,3.145306224867749,0,0.08337910222051191,uploaded_model_v1,0
2026-04-27T18:48:07.800053,59.0,20.308463925199845,6.95975327718148,1.0,8.326201843700566,1,0.928898757946586,uploaded_model_v1,1
2026-04-27T18:48:07.801123,43.0,23.324990348975604,1.0452187505877033,9.0,3.29917724243366,0,0.11140062116115396,uploaded_model_v1,0
2026-04-27T18:48:07.802066,52.0,39.70657705187722,6.32407835419908,4.0,9.05256648221922,0,0.3724770772720543,uploaded_model_v1,0
2026-04-27T18:48:07.803181,42.0,21.13490194383329,0.9985665117347864,9.0,3.8306243013217713,0,0.11760891016539325,uploaded_model_v1,0
2026-04-27T18:48:07.804190,41.0,28.975539375929834,6.353685300395243,6.0,4.20313558495147,0,0.05979054860839358,uploaded_model_v1,0
2026-04-27T18:48:07.805181,30.0,31.599426154998618,2.206140546010856,1.0,6.335685295825661,0,0.07069709510607872,uploaded_model_v1,0
2026-04-27T18:48:07.806119,24.0,33.454229351970284,7.016724648145512,3.0,8.165162906181196,0,0.41535695220236285,uploaded_model_v1,1
2026-04-27T18:48:07.807218,53.0,30.31227103671211,7.552336750603183,2.0,3.973015436393544,0,0.07359956771382849,uploaded_model_v1,0
2026-04-27T18:48:07.808512,37.0,18.21495864322204,1.190367755240925,9.0,6.080497525465489,1,0.6249776658392001,uploaded_model_v1,1
2026-04-27T18:48:07.809529,18.0,25.18214878136782,3.701404840523148,1.0,6.379958920870734,1,0.9557829475016678,uploaded_model_v1,1
2026-04-27T18:48:07.810465,25.0,29.38965615446365,7.847899025301481,9.0,4.48599949168014,0,0.043308008616402424,uploaded_model_v1,0
2026-04-27T18:48:07.811409,33.0,19.933062981186332,3.867259487785173,9.0,3.8089086367644223,1,0.8809312422530795,uploaded_model_v1,1
2026-04-27T18:48:07.812400,31.0,25.71379248660197,6.908380180116361,8.0,8.854946460899477,1,0.9714022850107422,uploaded_model_v1,1
2026-04-27T18:48:07.813408,29.0,18.730468393410064,4.709852177050559,8.0,6.517259548339359,1,0.9724647025336546,uploaded_model_v1,1
2026-04-27T18:48:07.814462,40.0,19.728726937410457,3.002639263356815,1.0,3.100668651889071,1,0.7742658507089878,uploaded_model_v1,1
2026-04-27T18:48:07.815401,32.0,26.732312076435115,2.2862684442069616,8.0,8.620869109163728,1,0.6058137197583029,uploaded_model_v1,1
2026-04-27T18:48:07.816514,45.0,20.919746588947326,1.6257847286886982,3.0,9.865556637902094,0,0.3587191771404166,uploaded_model_v1,0
2026-04-27T18:48:07.817789,51.0,30.48589866175428,6.094385531021578,7.0,7.241483367899731,0,0.3889577110986108,uploaded_model_v1,0
2026-04-27T18:48:07.818740,19.0,33.168229321019844,3.092324054584223,1.0,6.525958709588496,1,0.5870869645969458,uploaded_model_v1,1
2026-04-27T18:48:07.819768,49.0,35.61290738039982,4.090203697606009,1.0,9.148911041314731,0,0.46973985764789694,uploaded_model_v1,1
2026-04-27T18:48:07.820762,40.0,22.403305373385823,3.938603840009456,5.0,9.66761752779219,1,0.9558452486610132,uploaded_model_v1,1
2026-04-27T18:48:07.821856,39.0,21.68461680969953,4.61823223386505,5.0,8.281758411317224,1,0.9645576849975125,uploaded_model_v1,1
2026-04-27T18:48:07.822889,42.0,20.30049248735681,6.924617164996418,8.0,6.118170508140015,1,0.9484809281513943,uploaded_model_v1,1
2026-04-27T18:48:07.823883,39.0,32.00146548996001,7.845914748667435,7.0,7.145549795320084,0,0.41815107178458427,uploaded_model_v1,1
2026-04-27T18:48:07.824845,39.0,33.542465982711825,3.2606736685905355,8.0,7.906547555125995,0,0.46293508488722535,uploaded_model_v1,1
2026-04-27T18:48:07.825845,59.0,18.694895186164125,6.6201513768504245,6.0,4.35991499701261,1,0.9334971340160169,uploaded_model_v1,1
2026-04-27T18:48:07.826852,23.0,38.59666941736118,6.116222357237741,6.0,6.130407225515066,0,0.4967540070873539,uploaded_model_v1,1
2026-04-27T18:48:07.827865,32.0,19.143368240332396,4.588231611644586,2.0,8.808748853020994,1,0.9514196805072105,uploaded_model_v1,1
2026-04-27T18:48:07.828948,54.0,29.908519376623552,7.648377148895465,6.0,7.5830774394891005,0,0.38619445213443043,uploaded_model_v1,0
2026-04-27T18:48:07.829896,50.0,33.59933142792016,1.6037961242272225,5.0,5.878428470482978,0,0.0,uploaded_model_v1,0
2026-04-27T18:48:07.830792,25.0,37.16132072241388,0.8741136824769713,3.0,7.643537738102769,0,0.04464155557233962,uploaded_model_v1,0
2026-04-27T18:48:07.832008,22.0,33.70991250691341,6.831695735643377,6.0,3.827556884507219,0,0.06128023620239504,uploaded_model_v1,0
2026-04-27T18:48:07.833131,56.0,35.63801782753542,3.5131985330699864,8.0,5.810483273954134,0,0.06351883262953542,uploaded_model_v1,0
2026-04-27T18:48:07.834480,21.0,25.46790423594173,6.775750833656484,9.0,8.551899765741394,1,0.9741879910926293,uploaded_model_v1,1
2026-04-27T18:48:07.836084,23.0,35.926152502423264,7.14472164156332,1.0,4.543561509956536,0,0.06435910544432613,uploaded_model_v1,0
2026-04-27T18:48:07.837822,49.0,19.76252662046285,0.4996607489525715,3.0,4.301730552901924,0,0.08467743241188068,uploaded_model_v1,0
2026-04-27T18:48:07.839197,47.0,37.68596643333161,7.0677181038884855,3.0,9.65573061941502,0,0.4811164727989904,uploaded_model_v1,1
2026-04-27T18:48:07.840317,52.0,30.0470322753822,3.586552442955377,8.0,4.469283407103615,0,0.07125697479187483,uploaded_model_v1,0
2026-04-27T18:48:07.841323,57.0,35.98055093917486,4.083459912033858,1.0,4.8264300575511765,0,0.06271809356160611,uploaded_model_v1,0
2026-04-27T18:48:07.842388,33.0,27.951002259402603,5.012740088745682,5.0,9.787311572330363,0,0.43051206156534044,uploaded_model_v1,0
2026-04-27T18:48:07.843370,30.0,32.15870929432355,7.411060853840694,3.0,8.142959991855179,0,0.4011266270340757,uploaded_model_v1,0
2026-04-27T18:48:07.844396,59.0,29.58085854059449,0.1529287554381122,2.0,7.8971757311646975,0,0.10231150263172284,uploaded_model_v1,0
2026-04-27T18:48:07.845514,47.0,34.0949694786173,3.814747746542537,8.0,8.970484686982068,0,0.393751841702562,uploaded_model_v1,0
2026-04-27T18:48:07.846472,36.0,19.79585960467297,5.501776339444485,3.0,3.81076157565756,1,0.9186895739528792,uploaded_model_v1,1
2026-04-27T18:48:07.847409,34.0,19.327745847792404,5.781655661585828,7.0,7.94169365606005,1,0.9592799434254278,uploaded_model_v1,1
2026-04-27T18:48:07.848351,36.0,23.43627114822322,5.540259452296864,1.0,6.525820265297672,1,0.9554756851610469,uploaded_model_v1,1
2026-04-27T18:48:07.849606,45.0,21.50998296249014,1.0754810352649748,6.0,8.80405448198898,0,0.3771431572532484,uploaded_model_v1,0
2026-04-27T18:48:07.851113,43.0,37.17923846502843,2.39516470697345,3.0,6.55699203065636,0,0.0634547954537552,uploaded_model_v1,0
2026-04-27T18:48:07.853009,54.0,22.822707721876974,2.869724203336108,8.0,7.341689479882385,0,0.48776261230021484,uploaded_model_v1,0
2026-04-27T18:48:07.854703,43.0,39.46903562802089,6.43549766143604,6.0,6.344194884796751,0,0.40981021856146105,uploaded_model_v1,0
2026-04-27T18:48:07.855856,40.0,25.41170741896435,2.230078979316424,2.0,6.347112464890909,1,0.551259390425633,uploaded_model_v1,1
2026-04-27T18:48:07.856952,26.0,22.006594145151382,1.685639710937625,6.0,8.37578984643282,0,0.49076899411023756,uploaded_model_v1,1
2026-04-27T18:48:07.858087,29.0,35.37336715713454,7.659584152304769,7.0,7.399964804530982,0,0.40991996295365946,uploaded_model_v1,0
2026-04-27T18:48:07.859147,18.0,32.49157106101927,0.0709062809077512,5.0,7.432842411265873,0,0.05804769865730401,uploaded_model_v1,0
2026-04-27T18:48:07.860222,18.0,28.960305761969057,7.982566845455826,3.0,6.151977386820681,0,0.35928114383869036,uploaded_model_v1,0
2026-04-27T18:48:07.861306,51.0,30.21799812062789,5.414570390859165,4.0,6.717766474362693,0,0.46673412125513386,uploaded_model_v1,1
2026-04-27T18:48:07.862530,49.0,33.8224391219898,6.6277543955929366,4.0,8.220023663433512,0,0.41060469046529136,uploaded_model_v1,1
2026-04-27T18:48:07.863589,42.0,23.02600430928857,2.3569551707695453,6.0,8.781586433783428,1,0.5633131523483909,uploaded_model_v1,1
2026-04-27T18:48:07.864597,57.0,39.91934615324833,0.1145222213364798,1.0,7.875929815008323,0,0.04986276229315157,uploaded_model_v1,0
2026-04-27T18:48:07.865555,18.0,39.44544956722923,5.90295614849224,4.0,9.468510921919782,0,0.4998660332849941,uploaded_model_v1,1
2026-04-27T18:48:07.866822,33.0,32.30716509963261,6.673156776005406,4.0,8.742268617030406,0,0.39204503120042733,uploaded_model_v1,0
2026-04-27T18:48:07.868050,56.0,22.389933920441194,5.923809055628153,1.0,6.93304652866663,1,0.9235948082611267,uploaded_model_v1,1
2026-04-27T18:48:07.869112,22.0,32.96502133348841,1.1428022984067088,9.0,7.699842508506158,0,0.051769825708690875,uploaded_model_v1,0
2026-04-27T18:48:07.870263,39.0,19.58836499754187,6.027423378055753,4.0,9.484157938448371,1,0.9475421064236591,uploaded_model_v1,1
2026-04-27T18:48:07.871320,46.0,18.674355048527733,6.151382256861128,7.0,7.334176309701409,1,0.9631579690461934,uploaded_model_v1,1
2026-04-27T18:48:07.872400,20.0,23.669023547246702,5.268324125360439,3.0,8.773648635858816,1,0.9609025248797086,uploaded_model_v1,1
2026-04-27T18:48:07.873473,29.0,28.17770504826496,6.12892746236469,3.0,7.82167352512991,0,0.41380111543697373,uploaded_model_v1,1
2026-04-27T18:48:07.874539,43.0,37.10199511898438,6.767371517421857,8.0,6.863554527423266,0,0.4453191653509617,uploaded_model_v1,0
2026-04-27T18:48:07.875520,33.0,33.997719534858774,4.908832913899667,8.0,4.692867367907471,0,0.05552650964642655,uploaded_model_v1,0
2026-04-27T18:48:07.876563,54.0,34.33954346639958,0.7088377117574325,1.0,5.981982636278997,0,0.001341743119266055,uploaded_model_v1,0
2026-04-27T18:48:07.877718,39.0,27.360853357857657,3.901022477337687,2.0,9.77419977383601,0,0.4145506970064771,uploaded_model_v1,0
2026-04-27T18:48:07.878999,46.0,25.610569836033186,0.6211946773728405,8.0,7.6043576829082,1,0.5075182722762105,uploaded_model_v1,0
2026-04-27T18:48:07.880039,31.0,26.162852785661254,3.2603442482594467,1.0,6.950767662372927,1,0.9416090301047367,uploaded_model_v1,1
2026-04-27T18:48:07.880988,45.0,39.72829040219328,3.256851913005021,8.0,9.530696378697591,0,0.4389874606114995,uploaded_model_v1,0
2026-04-27T18:48:07.882113,22.0,18.882402211074613,0.5280787531219326,8.0,7.105582467262141,1,0.5526749498761121,uploaded_model_v1,1
2026-04-27T18:48:07.883193,47.0,37.07469291469387,2.7905642717558345,2.0,6.682577628921821,0,0.0634547954537552,uploaded_model_v1,0
2026-04-27T18:48:07.884448,22.0,30.73085898859265,0.8879847903305187,4.0,8.315175986051436,0,0.04948778897662565,uploaded_model_v1,0
2026-04-27T18:48:07.885514,29.0,27.64953922217099,6.465881680073777,6.0,7.9886593329058115,0,0.4171711810461889,uploaded_model_v1,1
2026-04-27T18:48:07.886551,33.0,33.95566852913301,7.581504207715766,9.0,4.352120058859029,0,0.057136733899456046,uploaded_model_v1,0
2026-04-27T18:48:07.887526,43.0,28.70671671134346,0.5785318020635088,8.0,6.299157922018848,0,0.04827671570516463,uploaded_model_v1,0
2026-04-27T18:48:07.888528,43.0,37.21531123779653,7.640921658333611,8.0,6.307608099737097,0,0.41597686592730504,uploaded_model_v1,1
2026-04-27T18:48:07.889432,38.0,37.81544100824769,4.180612794693961,7.0,5.647571606703414,0,0.05187763560740466,uploaded_model_v1,0
2026-04-27T18:48:07.890504,56.0,27.27786039121602,2.396525423630991,9.0,6.621054375065771,0,0.056392306931225475,uploaded_model_v1,0
2026-04-27T18:48:07.891494,53.0,24.090211539171136,0.6148966022093081,2.0,5.89175178409001,0,0.10441231964577438,uploaded_model_v1,0
2026-04-27T18:48:07.892536,50.0,31.03170722905397,4.004994144563343,3.0,4.395418426298281,0,0.08854931813831428,uploaded_model_v1,0
2026-04-27T18:48:07.893594,47.0,38.0719936035672,6.3561243559259895,8.0,5.886565410922767,0,0.08249956896802871,uploaded_model_v1,0
2026-04-27T18:48:07.894716,54.0,22.634568158124665,5.656691818133585,6.0,3.505938633012236,1,0.9075387863257407,uploaded_model_v1,1
2026-04-27T18:48:07.895706,40.0,31.705264838396623,0.4018080917117901,9.0,7.030501039420881,0,0.05581681734347244,uploaded_model_v1,0
2026-04-27T18:48:07.896618,27.0,31.89432484203545,0.5832146829432281,4.0,8.975581842587783,0,0.04430108990459738,uploaded_model_v1,0
2026-04-27T18:48:07.897749,22.0,34.12848649313618,3.222986261061097,8.0,8.077009590481886,1,0.5151200977820378,uploaded_model_v1,1
2026-04-27T18:48:07.898767,53.0,20.894489072799715,2.362323952383546,3.0,5.5227582803787785,0,0.07111702872172436,uploaded_model_v1,0
2026-04-27T18:48:07.899991,51.0,33.748149223005946,1.8590745844483827,3.0,3.6094984390411575,0,9.174311926605505e-05,uploaded_model_v1,0
2026-04-27T18:48:07.901476,48.0,37.9987154546441,2.2480359912697088,8.0,4.415045794576895,0,0.0,uploaded_model_v1,0
2026-04-27T18:48:07.903126,27.0,21.953028395145324,6.427861946375077,5.0,6.81843238346385,1,0.962570437001957,uploaded_model_v1,1
2026-04-27T18:48:07.904505,36.0,23.22595314832531,7.433824429054831,3.0,4.44939958368123,1,0.9326380785263004,uploaded_model_v1,1
2026-04-27T18:48:07.905622,49.0,39.37069206891607,3.240821556220532,1.0,6.807811778994773,0,0.4756070528031916,uploaded_model_v1,0
2026-04-27T18:48:07.907161,18.0,21.981492959608776,7.248888017059976,3.0,4.621193173347292,1,0.9292160332096531,uploaded_model_v1,1
2026-04-27T18:48:07.908308,22.0,36.796472054130746,2.571965609983056,9.0,8.94246708633251,0,0.04156630645030388,uploaded_model_v1,0
2026-04-27T18:48:07.909297,21.0,28.830112841856767,3.811495890750333,5.0,5.780900309883219,0,0.05632807545514509,uploaded_model_v1,0
2026-04-27T18:48:07.910374,33.0,23.439083636869896,1.8082319825279976,2.0,4.718854381611438,0,0.10142986800901084,uploaded_model_v1,0
2026-04-27T18:48:07.911386,41.0,37.15649782799525,5.123808337406752,7.0,8.686283261729432,0,0.3801321467470138,uploaded_model_v1,0
2026-04-27T18:48:07.912447,33.0,27.79671561005864,7.831848921398471,2.0,5.399872753638155,0,0.040339275322028106,uploaded_model_v1,0
2026-04-27T18:48:07.913684,19.0,29.325981786453184,4.827944768347029,4.0,3.7804138148714737,0,0.05485049739949259,uploaded_model_v1,0
2026-04-27T18:48:07.914725,45.0,25.903134126794846,2.862512672908391,7.0,6.992866439825491,1,0.687488525170041,uploaded_model_v1,1
2026-04-27T18:48:07.915684,49.0,31.0449187315684,5.182539567924227,4.0,7.070949431065921,0,0.44050481334027425,uploaded_model_v1,0
2026-04-27T18:48:07.917348,44.0,21.5975251968705,0.9833654277231004,7.0,8.00286972665014,0,0.3802340574874612,uploaded_model_v1,0
2026-04-27T18:48:07.920136,37.0,26.603793806338736,7.109272642123189,7.0,4.681536032458699,1,0.9283723877123968,uploaded_model_v1,1
2026-04-27T18:48:07.921834,41.0,39.327071091376325,4.024671606238691,1.0,6.106399373645716,0,0.4947019650491748,uploaded_model_v1,1
2026-04-27T18:48:07.923345,29.0,23.678935519424805,3.5947979363171365,6.0,4.976575433298594,1,0.9220253079135093,uploaded_model_v1,1
2026-04-27T18:48:07.924645,52.0,32.44820661990843,4.6869183076281535,9.0,3.566676152809817,0,0.06560404716494225,uploaded_model_v1,0
2026-04-27T18:48:07.926003,50.0,25.154181412943288,4.99827090231522,2.0,9.136296789111242,1,0.9363938509386232,uploaded_model_v1,1
2026-04-27T18:48:07.927743,50.0,35.01640876510521,0.5742064498121042,3.0,8.102088631418388,0,0.04644557880207035,uploaded_model_v1,0
2026-04-27T18:48:07.929252,54.0,20.879220535803697,5.460937769787219,5.0,5.110241416211605,1,0.9152984386151836,uploaded_model_v1,1
2026-04-27T18:48:07.931125,29.0,39.33606299172799,1.935453442524237,9.0,7.195610950103904,0,0.05605702561034428,uploaded_model_v1,0
2026-04-27T18:48:07.932499,20.0,27.983369910440064,5.711621060052718,4.0,4.408846516941307,0,0.057700857647292464,uploaded_model_v1,0
2026-04-27T18:48:07.933981,18.0,23.193110193622207,6.580278355073574,1.0,9.231656352570395,1,0.9612274821102598,uploaded_model_v1,1
2026-04-27T18:48:07.935428,50.0,19.61692844126028,6.431668060420162,4.0,3.804344403533372,1,0.9350090718124093,uploaded_model_v1,1
2026-04-27T18:48:07.936947,57.0,21.734673911925896,4.420007739263113,6.0,3.0268600185546064,1,0.9332526705230538,uploaded_model_v1,1
2026-04-27T18:48:07.938365,27.0,29.435026868232388,4.161359138486009,5.0,6.514057384174275,1,0.5033765753205,uploaded_model_v1,1
2026-04-27T18:48:07.939965,46.0,25.4140698814883,1.1430076907152935,1.0,7.081894764170085,1,0.5222373674053857,uploaded_model_v1,1
2026-04-27T18:48:07.941374,30.0,36.23543404941741,6.202769203225085,4.0,7.052757242070631,0,0.4418465811567347,uploaded_model_v1,1
2026-04-27T18:48:07.942766,29.0,27.479525520559733,2.171275043573715,6.0,3.381583492064784,0,0.00016666666666666666,uploaded_model_v1,0
2026-04-27T18:48:07.944152,48.0,23.471713996927857,3.973563382543572,4.0,5.198306648429028,1,0.9154627394181978,uploaded_model_v1,1
2026-04-27T18:48:07.945420,19.0,31.57718970528866,2.2741927434201337,9.0,6.494392627889322,0,0.055564347686042605,uploaded_model_v1,0
2026-04-27T18:48:07.946706,52.0,33.549098771479805,1.0706269039975451,5.0,4.516054299390686,0,0.0,uploaded_model_v1,0
2026-04-27T18:48:07.948033,40.0,21.674921973820897,5.036461575133893,8.0,9.108381198401275,1,0.9588504915662561,uploaded_model_v1,1
2026-04-27T18:48:07.949396,34.0,21.68762275834299,0.4346562785832306,9.0,3.609765026230038,0,0.09262575268958873,uploaded_model_v1,0
2026-04-27T18:48:07.951264,43.0,18.806771392537943,5.9891618730096,5.0,6.4116910917043,1,0.9613978419205057,uploaded_model_v1,1
2026-04-27T18:48:07.952554,25.0,34.20084433144409,2.5406943620889333,6.0,7.839912402592065,0,0.04560666950464139,uploaded_model_v1,0
2026-04-27T18:48:07.953935,46.0,32.603699607679715,0.0010775440358825,1.0,4.832257700941377,0,0.0,uploaded_model_v1,0
2026-04-27T18:48:07.955346,43.0,28.441879266495903,4.089033113897838,7.0,7.369685158982627,0,0.4211856296074435,uploaded_model_v1,1
2026-04-27T18:48:07.956598,27.0,36.57174987732233,0.374815268220825,4.0,8.805696050996623,0,0.03819875342107622,uploaded_model_v1,0
2026-04-27T18:48:07.957825,43.0,35.72474336490117,2.209356462567196,2.0,4.332358825665333,0,9.174311926605505e-05,uploaded_model_v1,0
2026-04-27T18:48:07.959673,51.0,30.877796016728546,5.655811899645729,5.0,9.42054414277404,0,0.47800389119955405,uploaded_model_v1,1
2026-04-27T18:48:07.962369,58.0,37.10196817129169,0.5015169729749269,3.0,6.874909728636506,0,0.0445534530436684,uploaded_model_v1,0
2026-04-27T18:48:07.963964,24.0,22.5285066208089,6.714707938848019,6.0,5.094624030107424,1,0.9387692962391193,uploaded_model_v1,1
2026-04-27T18:48:07.965666,21.0,20.46223162675001,0.0305593812686648,8.0,6.016007927675895,1,0.5167033541590165,uploaded_model_v1,1
2026-04-27T18:48:07.970986,28.0,23.934491453373774,1.974590953615218,7.0,5.185343186504715,0,0.11882935837893133,uploaded_model_v1,0
2026-04-27T18:48:07.972310,46.0,19.25591083396493,5.927232449216572,3.0,8.075778119533211,1,0.9364496005797655,uploaded_model_v1,1
2026-04-27T18:48:07.973471,53.0,29.685729616022705,2.5301611978344543,8.0,8.574104643905926,0,0.04264199298296473,uploaded_model_v1,0
2026-04-27T18:48:07.974480,42.0,38.60532523048916,0.8151391045281082,2.0,8.830561746230627,0,0.038710194022373634,uploaded_model_v1,0
2026-04-27T18:48:07.975516,38.0,18.86555789470721,2.881871350403423,9.0,9.900377747100189,1,0.7762242774479621,uploaded_model_v1,1
2026-04-27T18:48:07.976436,53.0,20.68641810822059,2.1631462910762043,4.0,8.538990047476783,0,0.33692314167728193,uploaded_model_v1,0
2026-04-27T18:48:07.977439,27.0,27.948378622235577,6.741695217284439,1.0,7.209688494819943,0,0.3467955613369567,uploaded_model_v1,0
2026-04-27T18:48:07.978319,54.0,38.54525038561391,2.506783340681145,8.0,5.374542088742487,0,0.0007692307692307692,uploaded_model_v1,0
2026-04-27T18:48:07.979310,26.0,24.95543430948851,6.311459774208058,7.0,6.8121681409752455,1,0.9654179005326468,uploaded_model_v1,1
2026-04-27T18:48:07.980226,41.0,29.159165791144638,7.134977158485878,5.0,3.287477209532838,0,0.062364806034136154,uploaded_model_v1,0
2026-04-27T18:48:07.981225,52.0,18.914602899108623,3.470539356612236,5.0,8.213775528709391,1,0.9464574307822303,uploaded_model_v1,1
2026-04-27T18:48:07.982406,52.0,21.26355042116596,7.279545150835136,7.0,6.1216888156447125,1,0.9434187786024943,uploaded_model_v1,1
2026-04-27T18:48:07.983985,53.0,39.70586270509463,3.0185444317055428,5.0,3.1401626081253133,0,0.042813634399376126,uploaded_model_v1,0
2026-04-27T18:48:07.986176,35.0,39.232611321593,7.712627331920865,8.0,3.4375485905728755,0,0.07046910523182738,uploaded_model_v1,0
2026-04-27T18:48:07.987233,56.0,18.108679580557013,0.7143161962045834,6.0,5.712265246752296,0,0.147180168724434,uploaded_model_v1,0
2026-04-27T18:48:07.988617,49.0,38.93985927931126,5.496154132025942,5.0,7.083950633129046,0,0.4605524320320887,uploaded_model_v1,1
2026-04-27T18:48:07.989587,41.0,32.060638631941,3.950512323655429,9.0,6.249427642664887,0,0.415178634402904,uploaded_model_v1,0
2026-04-27T18:48:07.990666,40.0,37.09420247944048,3.1011904436451765,2.0,7.334430221045084,0,0.43633689109224505,uploaded_model_v1,0
2026-04-27T18:48:07.991663,49.0,28.0042768239449,5.061695029988807,1.0,6.36205981153949,0,0.35555520306077,uploaded_model_v1,0
2026-04-27T18:48:07.992773,54.0,29.343112628743505,5.6308567330746495,8.0,7.631926918369428,0,0.38277383987166297,uploaded_model_v1,0
2026-04-27T18:48:07.993772,29.0,28.754624765652245,0.0349061572024727,3.0,4.533882452695606,0,0.00016666666666666666,uploaded_model_v1,0
2026-04-27T18:48:07.994745,30.0,32.6710136660143,1.3356247099775898,7.0,3.78990231028535,0,0.0,uploaded_model_v1,0
2026-04-27T18:48:07.995734,40.0,21.072327604638883,5.70436840507455,8.0,7.17503768237962,1,0.9573945691614046,uploaded_model_v1,1
2026-04-27T18:48:07.996722,42.0,18.659418977198914,5.331083308625652,6.0,6.392826618554152,1,0.9645848666643047,uploaded_model_v1,1
2026-04-27T18:48:07.997708,52.0,24.7744587150062,7.728380041029418,9.0,3.188073578314547,1,0.9150702654175784,uploaded_model_v1,1
2026-04-27T18:48:07.998696,58.0,33.502976780206225,6.088302322006264,7.0,5.663373198451251,0,0.05520504630380805,uploaded_model_v1,0
2026-04-27T18:48:07.999678,47.0,22.440775946704864,7.606181661850704,5.0,3.742879098436968,1,0.923428439622819,uploaded_model_v1,1
2026-04-27T18:48:08.000882,34.0,32.81551353314818,5.620324012278456,8.0,6.719497822268867,0,0.4643844052931726,uploaded_model_v1,1
2026-04-27T18:48:08.002068,37.0,39.33806501435995,2.384417669115545,2.0,5.770443757623015,0,0.0018278542303771662,uploaded_model_v1,0
2026-04-27T18:48:08.003028,42.0,20.065815747367203,0.8429193780068518,7.0,7.292063377721125,0,0.4401474246427665,uploaded_model_v1,0
2026-04-27T18:48:08.004121,39.0,32.797246600952775,6.254590906759485,4.0,8.639215531391669,0,0.39542816146653625,uploaded_model_v1,1
2026-04-27T18:48:08.005112,30.0,27.762504824700564,5.153193771807327,9.0,5.097680786890436,0,0.04568816794141708,uploaded_model_v1,0
2026-04-27T18:48:08.006474,36.0,37.09912959630512,0.3854880991463698,1.0,9.734714729155192,0,0.0569140112056375,uploaded_model_v1,0
2026-04-27T18:48:08.007538,53.0,21.89729536784249,2.8804037272078267,7.0,6.749441504113021,1,0.6289796529187902,uploaded_model_v1,1
2026-04-27T18:48:08.008519,29.0,33.23777094897562,7.654398523874289,6.0,7.328035591283516,0,0.422862893951121,uploaded_model_v1,1
2026-04-27T18:48:08.009604,58.0,36.438536372258426,4.00320916568161,8.0,7.764706612580159,0,0.35042349232139325,uploaded_model_v1,0
2026-04-27T18:48:08.010590,36.0,38.78151282842851,3.461833088157637,5.0,7.667120709003129,0,0.45886632681401357,uploaded_model_v1,1
2026-04-27T18:48:08.011667,29.0,33.031456622372204,3.661596841274352,1.0,6.576795201315434,0,0.47118141555463144,uploaded_model_v1,0
2026-04-27T18:48:08.012833,26.0,28.937844808185403,1.6710617920413098,1.0,6.001350037802784,0,0.0002584097859327217,uploaded_model_v1,0
2026-04-27T18:48:08.013796,24.0,31.592639284426703,2.9496573669183617,9.0,3.376473749241645,0,0.009461378490790255,uploaded_model_v1,0
2026-04-27T18:48:08.014804,45.0,37.115909658531805,2.958506047897413,6.0,3.154600917108258,0,0.010582847417343928,uploaded_model_v1,0
2026-04-27T18:48:08.015829,31.0,30.553414426054253,0.4188401614997792,5.0,5.505728361729353,0,0.0,uploaded_model_v1,0
2026-04-27T18:48:08.017229,48.0,18.66851531333041,6.140541028143346,1.0,5.335626234435848,1,0.9316662496112624,uploaded_model_v1,1
2026-04-27T18:48:08.018338,36.0,38.48087130115351,3.332035455231032,6.0,5.713866083873047,0,0.06165256685084999,uploaded_model_v1,0
2026-04-27T18:48:08.019441,33.0,33.16958852269435,6.577439094531386,6.0,3.96857740621733,0,0.06078473015532205,uploaded_model_v1,0
2026-04-27T18:48:08.020418,22.0,32.88329448709942,6.802784008959163,3.0,8.167177893757906,0,0.419453833141928,uploaded_model_v1,0
2026-04-27T18:48:08.021433,52.0,22.74485335274978,1.6959524375892645,8.0,8.998750903433674,0,0.4692338322137033,uploaded_model_v1,1
2026-04-27T18:48:08.022396,29.0,32.49548034511846,5.2588278573610285,1.0,9.571002447618245,0,0.4851256778962686,uploaded_model_v1,1
2026-04-27T18:48:08.023358,42.0,26.665016924391487,3.7782544333038537,1.0,6.446536124637381,1,0.9548040867497263,uploaded_model_v1,1
2026-04-27T18:48:08.024320,38.0,32.32712549491283,7.041253903371881,6.0,7.906059893878,0,0.3976953611118108,uploaded_model_v1,0
2026-04-27T18:48:08.025307,53.0,20.3450466667758,1.725925433411633,1.0,8.988857864051107,0,0.3309747355838184,uploaded_model_v1,0
2026-04-27T18:48:08.026355,40.0,32.472596701266795,5.422505602480354,6.0,5.928037777654401,0,0.08151404147761208,uploaded_model_v1,0
2026-04-27T18:48:08.027272,33.0,39.98710196695467,4.862016978021781,1.0,5.165889564093111,0,0.07568246603150101,uploaded_model_v1,0
2026-04-27T18:48:08.028226,56.0,19.060664854932234,2.3624118205746623,6.0,9.55707189097443,1,0.5065533584241442,uploaded_model_v1,1
2026-04-27T18:48:08.029176,59.0,39.49783205286898,1.092807229209381,3.0,6.609735857539512,0,0.0700940849941067,uploaded_model_v1,0
2026-04-27T18:48:08.030160,56.0,26.951975135903155,5.2131180838182125,8.0,6.480777206136146,1,0.7084426059791774,uploaded_model_v1,1
2026-04-27T18:48:08.031162,31.0,37.1565759074197,5.9087796650586455,6.0,4.248912675944471,0,0.05504813090477422,uploaded_model_v1,0
2026-04-27T18:48:08.032073,48.0,35.212480649282014,2.5250187501068,1.0,3.757085102013497,0,9.174311926605505e-05,uploaded_model_v1,0
2026-04-27T18:48:08.033023,22.0,30.47435774170669,5.15866083217851,5.0,8.89474803738458,0,0.4286386913485195,uploaded_model_v1,0
2026-04-27T18:48:08.034347,52.0,34.24588260352918,3.161047260892026,8.0,7.298932233312627,0,0.3922617002396949,uploaded_model_v1,0
2026-04-27T18:48:08.036107,40.0,37.32734234862966,5.705655066260942,3.0,5.280772088136141,0,0.07493919975225528,uploaded_model_v1,0
2026-04-27T18:48:08.037907,46.0,26.891087076322727,1.5937221991524249,6.0,4.342153521731865,0,0.011572472720231484,uploaded_model_v1,0
2026-04-27T18:48:08.038990,28.0,25.19472955439125,7.121720021089395,5.0,6.88848096118742,1,0.9686418643122585,uploaded_model_v1,1
2026-04-27T18:48:08.039964,35.0,32.687054482398864,2.299276771724638,6.0,7.087435024827947,0,0.06751983803661543,uploaded_model_v1,0
2026-04-27T18:48:08.041024,29.0,35.77261072270769,2.942287902049223,1.0,4.448955208715407,0,0.004733677165611866,uploaded_model_v1,0
2026-04-27T18:48:08.042002,26.0,34.770272965085546,0.4647356166427983,7.0,8.959840235240318,0,0.030335854785415683,uploaded_model_v1,0
2026-04-27T18:48:08.042959,27.0,35.55190027488996,0.8920976985702112,9.0,3.5898505630909576,0,0.00016666666666666666,uploaded_model_v1,0
2026-04-27T18:48:08.044059,34.0,27.582832925884524,4.126895221698625,2.0,5.492651596164952,0,0.05739198688254591,uploaded_model_v1,0
2026-04-27T18:48:08.045016,55.0,35.99235275585048,2.140741413823772,5.0,7.762690896337655,0,0.04321794209131205,uploaded_model_v1,0
2026-04-27T18:48:08.045967,24.0,20.644599218153385,6.683841805937555,4.0,4.918842546734405,1,0.9354810030893553,uploaded_model_v1,1
2026-04-27T18:48:08.046908,30.0,29.97876015513869,0.1175471092396307,6.0,8.793726363468902,0,0.03843266384494869,uploaded_model_v1,0
2026-04-27T18:48:08.047951,57.0,18.12669053095868,3.032752389375489,6.0,8.179074786202825,1,0.885811796352439,uploaded_model_v1,1
2026-04-27T18:48:08.049095,59.0,25.140888257805948,2.6987643741527414,2.0,8.52315991183694,1,0.6229795612099568,uploaded_model_v1,1
2026-04-27T18:48:08.050082,26.0,26.06215376717076,0.1546210473408082,2.0,3.833745751137014,0,0.10473768157234846,uploaded_model_v1,0
2026-04-27T18:48:08.051762,44.0,26.71579921540362,0.9949471920040818,4.0,3.983829895968801,0,0.13826315709903747,uploaded_model_v1,0
2026-04-27T18:48:08.053443,19.0,33.300278547176966,3.309141399349082,1.0,5.005316164212085,0,0.07815184432017855,uploaded_model_v1,0
2026-04-27T18:48:08.054926,22.0,26.54827822794761,3.942916675579573,9.0,6.626540156382927,1,0.9622721060857486,uploaded_model_v1,1
2026-04-27T18:48:08.056027,46.0,27.871259697695677,3.234317978038953,7.0,8.236112536895817,0,0.39454419289598586,uploaded_model_v1,0
2026-04-27T18:48:08.057160,54.0,23.22597087923521,4.247501427296751,7.0,8.855716235326325,1,0.9460683534387988,uploaded_model_v1,1
2026-04-27T18:48:08.058418,55.0,26.211539415845483,4.761053399245452,3.0,7.930347211700263,1,0.922468808506153,uploaded_model_v1,1
2026-04-27T18:48:08.059519,36.0,22.999931799789334,0.079390569022685,3.0,9.500178170714468,1,0.5608161216130635,uploaded_model_v1,1
2026-04-27T18:48:08.060608,25.0,19.61031032290576,3.712761275628031,1.0,8.171204567311513,1,0.9576298587813185,uploaded_model_v1,1
2026-04-27T18:48:08.061595,18.0,31.275869054390316,7.707993927100706,3.0,5.143875209032303,0,0.06111982757720219,uploaded_model_v1,0
2026-04-27T18:48:08.062583,39.0,32.70068156821036,4.15225824103639,3.0,4.855568990370008,0,0.0685562631116062,uploaded_model_v1,0
2026-04-27T18:48:08.063529,34.0,31.62878761221152,5.4203381396716255,4.0,7.873347152107629,0,0.4053931618235086,uploaded_model_v1,1
2026-04-27T18:48:08.064581,24.0,28.19686896361259,2.4949108633350656,4.0,4.3500939808273,0,0.0008834097859327217,uploaded_model_v1,0
2026-04-27T18:48:08.065749,42.0,26.355287163943053,6.1919310252221,3.0,3.649003675671889,1,0.9411896273396667,uploaded_model_v1,1
2026-04-27T18:48:08.067223,21.0,36.99334029058015,6.183371855008921,8.0,6.725560123993358,0,0.49651775022880557,uploaded_model_v1,1
2026-04-27T18:48:08.068421,53.0,29.4197992729968,4.170368381233112,8.0,8.751490988452687,0,0.4073552625897874,uploaded_model_v1,1
2026-04-27T18:48:08.069555,23.0,28.54200130785408,7.808110586233709,1.0,3.709658897289045,0,0.06046278780469354,uploaded_model_v1,0
2026-04-27T18:48:08.070526,48.0,18.564125447741585,1.004401718101227,7.0,8.543239266570104,1,0.5210148621813773,uploaded_model_v1,1
2026-04-27T18:48:08.071450,36.0,25.50745220777544,0.1355813191166479,2.0,8.681004030460837,1,0.6275414600444161,uploaded_model_v1,1
2026-04-27T18:48:08.072578,56.0,26.36430361328885,6.161265694056768,1.0,6.375918000570804,1,0.9454255955054215,uploaded_model_v1,1
2026-04-27T18:48:08.073577,44.0,26.77410117973181,6.45724429891906,3.0,3.401172170073408,1,0.9253391168558426,uploaded_model_v1,1
2026-04-27T18:48:08.074543,27.0,30.76379212300131,0.96165783296461,4.0,4.222128958730305,0,0.0002584097859327217,uploaded_model_v1,0
2026-04-27T18:48:08.075484,43.0,29.739256027991324,2.1246626636688486,6.0,7.951983926133527,0,0.05354552598079785,uploaded_model_v1,0
2026-04-27T18:48:08.076500,36.0,31.37391204145578,0.1404189069330312,5.0,7.982445614936647,0,0.051749706607626816,uploaded_model_v1,0
2026-04-27T18:48:08.077586,56.0,34.82743175392682,2.346468886244517,4.0,9.288486926173658,0,0.049012118564730214,uploaded_model_v1,0
2026-04-27T18:48:08.078556,20.0,35.88568625175405,6.185134991349372,8.0,7.07880302588208,0,0.48982269055418487,uploaded_model_v1,1
2026-04-27T18:48:08.079509,30.0,33.79870767698288,4.143684221700632,4.0,3.868751573996442,0,0.06757273306572126,uploaded_model_v1,0
2026-04-27T18:48:08.080476,45.0,39.02152131100856,2.7847647453463047,2.0,3.849904338534805,0,0.001202854230377166,uploaded_model_v1,0
2026-04-27T18:48:08.081585,37.0,18.40111681887996,2.9739143592506423,3.0,8.047926501497766,1,0.8288295593870348,uploaded_model_v1,1
2026-04-27T18:48:08.082593,45.0,22.307115685038013,0.0108290057237452,6.0,4.286492655755308,0,0.11826031847572402,uploaded_model_v1,0
2026-04-27T18:48:08.084137,25.0,18.166383249519125,2.398404220521887,8.0,5.298698497316238,0,0.13121852812037849,uploaded_model_v1,0
2026-04-27T18:48:08.085152,58.0,32.24444371140127,5.171669933103444,8.0,6.410484048453397,0,0.36486195969650476,uploaded_model_v1,0
2026-04-27T18:48:08.086148,56.0,37.75667207689971,7.793555550530857,9.0,3.1733541430330585,0,0.05893470882470865,uploaded_model_v1,0
2026-04-27T18:48:08.087371,18.0,23.356610524678583,6.776486615871196,7.0,4.741733189139524,1,0.9363438100392172,uploaded_model_v1,1
2026-04-27T18:48:08.088445,20.0,38.394759985518746,0.188759717164233,2.0,5.8552272595509605,0,0.0,uploaded_model_v1,0
2026-04-27T18:48:08.089461,30.0,19.325882586370337,7.188484837398715,8.0,4.957454229452444,1,0.9199213332665276,uploaded_model_v1,1
2026-04-27T18:48:08.090473,45.0,38.55759258972131,6.265587306389008,7.0,3.954592292272961,0,0.05898888760052075,uploaded_model_v1,0
2026-04-27T18:48:08.091525,42.0,25.73569911927196,6.243008988567843,8.0,8.09608580457338,1,0.9717967277466393,uploaded_model_v1,1
2026-04-27T18:48:08.092480,50.0,20.23125822588276,3.663966072028572,3.0,8.692033586175896,1,0.9342213461184301,uploaded_model_v1,1
2026-04-27T18:48:08.093454,55.0,28.689178702099163,3.1840423436360226,7.0,4.802352833006074,0,0.08212518517601333,uploaded_model_v1,0
2026-04-27T18:48:08.094605,23.0,23.649084489851177,2.423325830665541,9.0,8.420936462244123,1,0.6080867614566748,uploaded_model_v1,1
2026-04-27T18:48:08.095514,49.0,24.267203843162303,0.5255588716349262,3.0,5.698874950809197,0,0.06138287962652807,uploaded_model_v1,0
2026-04-27T18:48:08.096442,38.0,24.760379228378305,1.8258829079495928,6.0,6.54680053597802,1,0.5121352440592986,uploaded_model_v1,1
2026-04-27T18:48:08.097421,33.0,35.666569752318594,1.972829079824197,2.0,8.99200752425207,0,0.032303638249379506,uploaded_model_v1,0
2026-04-27T18:48:08.098444,38.0,29.8615480868556,3.8726165576816127,2.0,8.249675772616854,0,0.4120486548876023,uploaded_model_v1,1
2026-04-27T18:48:08.099362,28.0,24.84876938143208,5.979555252773552,5.0,8.635817959213245,1,0.9733719455351726,uploaded_model_v1,1
2026-04-27T18:48:08.100417,54.0,31.427343232840204,3.790478627183573,5.0,3.9579161661044977,0,0.08161964716259323,uploaded_model_v1,0
2026-04-27T18:48:08.102217,53.0,33.75531483291026,0.4627555955772848,7.0,3.4880359808361066,0,0.0007692307692307692,uploaded_model_v1,0
2026-04-27T18:48:08.103513,52.0,23.997728016137746,7.662318407905631,2.0,9.25383310361591,1,0.9399535012101881,uploaded_model_v1,1
2026-04-27T18:48:08.104875,36.0,27.09808023355773,7.541794552752898,7.0,5.714839886997661,0,0.04775597761398763,uploaded_model_v1,0
2026-04-27T18:48:08.106037,37.0,20.681494053412848,6.281516345187267,5.0,5.015157746487766,1,0.9294046854058948,uploaded_model_v1,1
2026-04-27T18:48:08.107073,35.0,21.985285689762968,7.930623212513765,6.0,8.072873779832772,1,0.9671962826374984,uploaded_model_v1,1
2026-04-27T18:48:08.108043,58.0,32.98459278722962,4.355858662402103,8.0,8.854909176058996,0,0.35146262975150705,uploaded_model_v1,0
2026-04-27T18:48:08.109231,31.0,21.991643649303796,7.702146802025648,4.0,9.037427353288106,1,0.9556418318175021,uploaded_model_v1,1
2026-04-27T18:48:08.110336,32.0,29.55359444067533,0.6048403249340062,7.0,5.211979987876592,0,0.0,uploaded_model_v1,0
2026-04-27T18:48:08.111341,48.0,33.59901775789352,2.9254459860909705,6.0,8.965486738411718,0,0.07554708039732536,uploaded_model_v1,0
2026-04-27T18:48:08.112409,18.0,20.351292308084364,1.803050144054127,2.0,3.286537610620418,0,0.05782923814108416,uploaded_model_v1,0
2026-04-27T18:48:08.113449,20.0,30.48086883183588,1.5666646730741602,8.0,3.3476304402180324,0,0.00016666666666666666,uploaded_model_v1,0
2026-04-27T18:48:08.114473,33.0,23.644381241430004,1.1264235911414089,9.0,7.364634366219081,1,0.5793603081138444,uploaded_model_v1,1
2026-04-27T18:48:08.115470,40.0,39.18439125522676,4.979309132527973,5.0,3.4417445838088234,0,0.07220657337481082,uploaded_model_v1,0
2026-04-27T18:48:08.116609,28.0,28.638004227838344,6.2505748459784405,4.0,5.272264179571131,0,0.06507304157125926,uploaded_model_v1,0
2026-04-27T18:48:08.117915,29.0,35.73183609505348,4.626387195362885,6.0,7.709291903728468,0,0.4203822284990337,uploaded_model_v1,0
2026-04-27T18:48:08.119006,27.0,30.10498392743776,1.1757016767056774,8.0,5.360868272379584,0,0.00016666666666666666,uploaded_model_v1,0
2026-04-27T18:48:08.120497,49.0,18.955075722806026,6.488990159467767,3.0,4.257198470080672,1,0.9346863322213771,uploaded_model_v1,1
2026-04-27T18:48:08.122347,33.0,31.929330263068493,5.087637657309828,1.0,4.969454352976891,0,0.06762729727351577,uploaded_model_v1,0
2026-04-27T18:48:08.123903,25.0,38.930873528546456,3.105325649015964,4.0,6.203027325753022,1,0.5093551865444512,uploaded_model_v1,1
2026-04-27T18:48:08.124943,55.0,31.235460043219284,5.393042364288504,4.0,6.3277009874883765,0,0.3767325097018947,uploaded_model_v1,0
2026-04-27T18:48:08.125942,29.0,36.022154907389385,2.0792398339426628,1.0,8.481001619430414,0,0.03934950878307082,uploaded_model_v1,0
2026-04-27T18:48:08.126908,41.0,37.45254219366497,2.761537667953684,9.0,8.251072606020587,0,0.037994167797177195,uploaded_model_v1,0
2026-04-27T18:48:08.127886,45.0,23.017754982876514,7.339886745055922,3.0,6.197724631892946,1,0.9384269679387782,uploaded_model_v1,1
2026-04-27T18:48:08.129005,25.0,22.664986477980985,2.324036045371363,5.0,8.9196714436914,1,0.5601755501388331,uploaded_model_v1,1
2026-04-27T18:48:08.130028,45.0,31.441581754721817,3.7599061452634928,6.0,3.799659970139771,0,0.07847164167765909,uploaded_model_v1,0
2026-04-27T18:48:08.131096,53.0,27.042626335747503,7.121129099168117,8.0,4.787473451602311,0,0.07982148093947519,uploaded_model_v1,0
2026-04-27T18:48:08.132075,43.0,36.47694866306784,5.66177080214022,6.0,8.79583524451576,0,0.4181802622898807,uploaded_model_v1,1
2026-04-27T18:48:08.132934,25.0,37.80050871475625,0.497625809317622,3.0,5.645958270383072,0,0.0,uploaded_model_v1,0
2026-04-27T18:48:08.134197,45.0,25.7752703446598,1.1784243542317627,6.0,9.868270911556897,1,0.5907350155280089,uploaded_model_v1,1
2026-04-27T18:48:08.135319,45.0,23.21115229743861,0.0627327261753345,1.0,6.263772970694848,0,0.36011395395843515,uploaded_model_v1,0
2026-04-27T18:48:08.136300,54.0,35.17156133536496,5.047374321833307,4.0,8.543549360746349,0,0.37023824826685464,uploaded_model_v1,0
2026-04-27T18:48:08.137341,58.0,24.045732782058995,3.5813874032833466,6.0,5.816149289676604,1,0.89722097452386,uploaded_model_v1,1
2026-04-27T18:48:08.138333,53.0,36.09751500730093,1.0741988072182045,7.0,5.974674633437013,0,0.0,uploaded_model_v1,0
2026-04-27T18:48:08.139328,44.0,27.32224158027278,7.663472968454164,3.0,5.680182030989284,0,0.062227195673349577,uploaded_model_v1,0
2026-04-27T18:48:08.140351,34.0,32.686097784412354,4.237277791564959,9.0,8.033529343575683,0,0.4005885116613709,uploaded_model_v1,0
2026-04-27T18:48:08.141284,26.0,20.1017769043627,1.9351463529031132,7.0,6.832625188419961,0,0.3786126608180471,uploaded_model_v1,0
2026-04-27T18:48:08.142245,50.0,31.72490514288461,4.00482856923766,1.0,9.606446779578585,0,0.4856216985375419,uploaded_model_v1,0
2026-04-27T18:48:08.143168,37.0,27.93888893221904,5.436962661880862,2.0,4.756232215738733,0,0.06036253741589363,uploaded_model_v1,0
2026-04-27T18:48:08.144252,30.0,30.90538618986043,0.6099137437885158,1.0,3.7039391245841102,0,9.174311926605505e-05,uploaded_model_v1,0
2026-04-27T18:48:08.145254,45.0,21.696312570386997,2.197630520383136,9.0,5.752830395694506,0,0.09940389152006636,uploaded_model_v1,0
2026-04-27T18:48:08.146216,46.0,34.21122238877201,6.455723927071949,9.0,7.316988953527431,0,0.382737208245698,uploaded_model_v1,0
2026-04-27T18:48:08.147245,30.0,36.98153570595103,3.67731896322129,7.0,9.025592558408466,0,0.40953460191238955,uploaded_model_v1,0
2026-04-27T18:48:08.148275,52.0,22.768275601997065,4.372617136258359,3.0,5.423378206762294,1,0.9004141223375506,uploaded_model_v1,1
2026-04-27T18:48:08.149270,23.0,20.10572022144356,3.462528017675754,5.0,7.576507257871231,1,0.9630807244539434,uploaded_model_v1,1
2026-04-27T18:48:08.150420,35.0,18.5200488930194,0.3511995411440409,4.0,5.4513907671625335,0,0.11340602734224799,uploaded_model_v1,0
2026-04-27T18:48:08.151392,22.0,32.12337300975185,1.3259982385612474,7.0,7.3205370809612065,0,0.05777307967122592,uploaded_model_v1,0
2026-04-27T18:48:08.152328,42.0,31.356068793953177,3.564333109935127,9.0,9.193655629214556,0,0.4957370286281024,uploaded_model_v1,1
2026-04-27T18:48:08.153227,19.0,30.02734307970954,1.6734837232634223,2.0,4.619503495815863,0,0.0002584097859327217,uploaded_model_v1,0
2026-04-27T18:48:08.154212,27.0,23.102836114551454,0.3998322292774299,8.0,5.829691494749274,0,0.1581769475724086,uploaded_model_v1,0
2026-04-27T18:48:08.155254,47.0,26.599931909921324,6.74919731241459,9.0,9.952856375008226,1,0.9562369328593258,uploaded_model_v1,1
2026-04-27T18:48:08.156222,22.0,31.078479374095807,7.8495402333129265,9.0,9.079899197746226,0,0.39035925328115084,uploaded_model_v1,0
2026-04-27T18:48:08.157231,50.0,28.928870894901728,6.345142991973916,7.0,6.952479005273414,0,0.4121191476257788,uploaded_model_v1,0
2026-04-27T18:48:08.158178,18.0,39.73128144472752,6.830279373637336,9.0,6.616393142979927,1,0.5120638938574127,uploaded_model_v1,1
2026-04-27T18:48:08.159199,35.0,21.00167455624813,1.935817042536363,9.0,4.992202676132767,0,0.10788575037723974,uploaded_model_v1,0
2026-04-27T18:48:08.160223,49.0,33.293180189047064,7.685015804105598,3.0,6.620465993854706,0,0.41525139497120916,uploaded_model_v1,0
2026-04-27T18:48:08.161157,28.0,26.895012898294425,1.575405635627427,4.0,8.93727048795963,0,0.1700272574914099,uploaded_model_v1,0
2026-04-27T18:48:08.162139,38.0,27.420391528363524,7.611438482894658,2.0,7.796221592944464,0,0.32901867657486283,uploaded_model_v1,0
2026-04-27T18:48:08.163149,43.0,33.787150844479875,7.958554351727608,3.0,5.0303081972459065,0,0.0637975145802651,uploaded_model_v1,0
2026-04-27T18:48:08.164264,42.0,33.233595329136136,5.69378244596839,5.0,4.410247447374731,0,0.07962875524190796,uploaded_model_v1,0
2026-04-27T18:48:08.165243,39.0,39.807631861448144,7.849149854334575,5.0,4.856459758977804,0,0.055541111119754974,uploaded_model_v1,0
2026-04-27T18:48:08.166186,44.0,20.82467436799076,4.556318236536829,6.0,4.188314409749786,1,0.9309620657847905,uploaded_model_v1,1
2026-04-27T18:48:08.167432,30.0,20.29041228645166,2.0763342654087227,7.0,3.669484872166012,0,0.10503112618489771,uploaded_model_v1,0
2026-04-27T18:48:08.169282,50.0,33.93545397683231,3.495967085324967,7.0,5.933953221094384,0,0.08730046752829615,uploaded_model_v1,0
2026-04-27T18:48:08.170832,51.0,30.724512174141,4.748487483030288,1.0,3.7930972307878736,0,0.08348651959196485,uploaded_model_v1,0
2026-04-27T18:48:08.172116,58.0,24.03153466431573,0.5846524962161199,2.0,4.20338790408973,0,0.08735461115736412,uploaded_model_v1,0
2026-04-27T18:48:08.173223,52.0,19.747226117757705,4.978746116937969,9.0,6.831272790376403,1,0.9628937548746725,uploaded_model_v1,1
2026-04-27T18:48:08.174249,18.0,19.884481491121477,7.849422694098356,2.0,4.152194915897023,1,0.9214367932885973,uploaded_model_v1,1
2026-04-27T18:48:08.175241,38.0,37.6721992426106,1.520861198269821,6.0,3.44715837201632,0,0.0,uploaded_model_v1,0
2026-04-27T18:48:08.176547,23.0,22.221081143812345,6.340760930307066,1.0,5.221721950195196,1,0.9406117014413611,uploaded_model_v1,1
2026-04-27T18:48:08.177592,45.0,25.11417436654145,7.263190350236955,3.0,4.542233690353773,1,0.9454981322024141,uploaded_model_v1,1
2026-04-27T18:48:08.178732,34.0,22.986440848993738,7.5496127425617665,2.0,6.607136315960638,1,0.9498039473031974,uploaded_model_v1,1
2026-04-27T18:48:08.179771,22.0,25.80991872830262,7.681084835243578,3.0,3.716569592082465,1,0.9356436534700207,uploaded_model_v1,1
2026-04-27T18:48:08.181913,48.0,19.527324540414053,4.171677109771776,5.0,8.262395513780847,1,0.9590514796313505,uploaded_model_v1,1
2026-04-27T18:48:08.183413,22.0,29.419315399981947,7.818463263932029,6.0,9.34363463604597,0,0.45110943890225286,uploaded_model_v1,0
2026-04-27T18:48:08.184657,55.0,19.48747639902873,6.058481657075511,9.0,8.20404621769336,1,0.949619180712437,uploaded_model_v1,1
2026-04-27T18:48:08.186601,20.0,35.607843172091954,1.2933714898956952,4.0,6.72978926180976,0,0.06569483067746645,uploaded_model_v1,0
2026-04-27T18:48:08.188064,40.0,23.14166580202953,3.81520085174376,7.0,9.024674752522197,1,0.9651404529562174,uploaded_model_v1,1
2026-04-27T18:48:08.189069,54.0,29.880262121299232,5.746649402976032,6.0,7.864428658470553,0,0.4266885962681849,uploaded_model_v1,1
2026-04-27T18:48:08.189975,54.0,37.36173992635209,1.978722526552667,2.0,3.073857857151329,0,0.02009174311926605,uploaded_model_v1,0
2026-04-27T18:48:08.191089,27.0,32.31930211903827,5.124921468391099,8.0,5.758631069421522,0,0.04999782864340194,uploaded_model_v1,0
2026-04-27T18:48:08.192165,27.0,29.725071304129376,5.332803832372954,7.0,8.956663295847601,0,0.39885170240770457,uploaded_model_v1,0
2026-04-27T18:48:08.193113,36.0,25.135342568538263,1.301597950468527,7.0,5.421012005826885,0,0.11381656652597555,uploaded_model_v1,0
2026-04-27T18:48:08.194095,34.0,25.32604208728036,4.52068249962205,8.0,3.2465062146786643,1,0.9255359016230349,uploaded_model_v1,1
2026-04-27T18:48:08.195291,38.0,32.72871301436018,6.1730152878288616,1.0,8.223257469865906,0,0.38665213556429257,uploaded_model_v1,0
2026-04-27T18:48:08.196432,31.0,39.87106594686568,3.9911653162875353,1.0,8.61426789198008,0,0.38806564849398373,uploaded_model_v1,0
2026-04-27T18:48:08.197392,26.0,32.56046217668633,0.0968249342088594,8.0,4.12415586530316,0,0.00016666666666666666,uploaded_model_v1,0
2026-04-27T18:48:08.198379,18.0,30.271235182140547,0.0723077526343374,4.0,6.761383477902268,0,0.06770649670881967,uploaded_model_v1,0
2026-04-27T18:48:08.199263,30.0,34.074311225263415,2.856234751760097,5.0,4.34368807297008,0,0.0,uploaded_model_v1,0
2026-04-27T18:48:08.200464,21.0,28.2345234702418,7.409552547454256,8.0,8.034640933309028,0,0.4402303572250022,uploaded_model_v1,1
2026-04-27T18:48:08.201840,18.0,19.323131537217275,1.8294142368288704,5.0,4.9008531862424,0,0.09803252697311678,uploaded_model_v1,0
2026-04-27T18:48:08.203055,57.0,30.37052994931401,5.074909510973497,4.0,5.213505857943311,0,0.07094615609245099,uploaded_model_v1,0
2026-04-27T18:48:08.204109,49.0,39.06775625911837,1.7766069655465646,6.0,8.91479597548071,0,0.044447653135874586,uploaded_model_v1,0
2026-04-27T18:48:08.205198,51.0,21.856664731868516,2.573359917276389,5.0,6.33425646544833,0,0.38191026189758204,uploaded_model_v1,0
2026-04-27T18:48:08.206300,45.0,33.18010759805465,6.784336716811872,7.0,7.688281158527735,0,0.3956860799789536,uploaded_model_v1,0
2026-04-27T18:48:08.207381,48.0,22.420541150499243,5.830891538159575,7.0,5.816611355057273,1,0.9200613360206851,uploaded_model_v1,1
2026-04-27T18:48:08.208407,25.0,29.788209058407787,0.763194218505685,4.0,5.086048000356287,0,0.0002584097859327217,uploaded_model_v1,0
2026-04-27T18:48:08.209772,56.0,20.126881892227832,3.429616167891469,5.0,7.37834642297263,1,0.9608749262550998,uploaded_model_v1,1
2026-04-27T18:48:08.210967,43.0,27.908160597680077,0.2333581091621157,3.0,4.0840030185517495,0,0.0,uploaded_model_v1,0
2026-04-27T18:48:08.212127,51.0,34.63559323569541,3.847121172824072,4.0,5.610998848968041,0,0.07293271442840617,uploaded_model_v1,0
2026-04-27T18:48:08.213116,20.0,25.646573533257605,5.299472093608545,4.0,4.463259261701456,1,0.9340129342790803,uploaded_model_v1,1
2026-04-27T18:48:08.214137,29.0,32.6280579387188,0.9480209887852123,3.0,7.870564768585218,0,0.05120717201828137,uploaded_model_v1,0
2026-04-27T18:48:08.215133,18.0,35.499899137374044,2.3110795112733253,5.0,9.609461868422752,0,0.04434076312558734,uploaded_model_v1,0
2026-04-27T18:48:08.216112,22.0,38.39791202854796,3.1826930040172554,5.0,9.968576776111064,1,0.5384866980479965,uploaded_model_v1,0
2026-04-27T18:48:08.217387,47.0,23.16212580081998,7.356248197248398,7.0,6.151937673091135,1,0.9569319689942014,uploaded_model_v1,1
2026-04-27T18:48:08.218374,47.0,26.78495014780478,7.946040123383712,4.0,4.767712727455111,1,0.914926263840298,uploaded_model_v1,1
2026-04-27T18:48:08.219408,34.0,21.353152293269183,0.3592903919649268,4.0,6.099805592690268,1,0.5592457203955301,uploaded_model_v1,1
2026-04-27T18:48:08.220480,40.0,39.83463704748425,6.088063387963136,9.0,8.930885869739067,0,0.3586148781596764,uploaded_model_v1,0
2026-04-27T18:48:08.221442,32.0,38.39402129433449,2.973792531218746,6.0,4.442039749864279,0,0.015301948540939435,uploaded_model_v1,0
2026-04-27T18:48:08.222390,54.0,29.879056866172316,3.1396654898358403,4.0,9.664669561570468,0,0.43302393256448246,uploaded_model_v1,0
2026-04-27T18:48:08.223400,38.0,36.52473247628127,6.0341197867761815,2.0,5.393060381587057,0,0.05354005568458671,uploaded_model_v1,0
2026-04-27T18:48:08.224342,31.0,29.46107549998493,7.347411457163269,6.0,9.900625616152134,0,0.4891385235620799,uploaded_model_v1,1
2026-04-27T18:48:08.225374,19.0,31.718885136060717,7.607428756020387,2.0,8.870262212737735,0,0.39493491476167547,uploaded_model_v1,1
2026-04-27T18:48:08.226444,28.0,19.960737506552366,4.616980688306566,5.0,8.659993739031732,1,0.9729774684172959,uploaded_model_v1,1
2026-04-27T18:48:08.227402,56.0,34.61594925092977,2.8569692744040225,6.0,5.225332716412985,0,0.0,uploaded_model_v1,0
2026-04-27T18:48:08.228373,55.0,20.809696639975165,6.300392686870234,4.0,3.061440483635506,1,0.9373258341694194,uploaded_model_v1,1
2026-04-27T18:48:08.229406,51.0,36.17348786555563,2.008011066098402,3.0,5.6749303617819145,0,9.174311926605505e-05,uploaded_model_v1,0
2026-04-27T18:48:08.230519,55.0,35.20461792874849,4.512592230668142,7.0,5.112665587638856,0,0.057638244649293666,uploaded_model_v1,0
2026-04-27T18:48:08.231441,51.0,33.592383350345486,2.8686276921989853,2.0,3.261778932861581,0,0.006230146092165538,uploaded_model_v1,0
2026-04-27T18:48:08.232315,35.0,18.79552837154477,5.253048589663009,6.0,6.537556795541508,1,0.9667721099410619,uploaded_model_v1,1
2026-04-27T18:48:08.233608,47.0,24.66882383079723,1.9231913031480552,4.0,5.821219178979156,0,0.12848768299376834,uploaded_model_v1,0
2026-04-27T18:48:08.235470,32.0,23.788476538038545,1.5327435658786062,6.0,7.441895274190673,1,0.5739169516633017,uploaded_model_v1,1
2026-04-27T18:48:08.237109,44.0,25.923000964373426,7.345912693403497,4.0,7.348304255358583,1,0.931496294907726,uploaded_model_v1,1
2026-04-27T18:48:08.238363,51.0,19.928140428804447,0.8144294635962952,4.0,3.8452264512767607,0,0.0714022011072376,uploaded_model_v1,0
2026-04-27T18:48:08.239457,55.0,38.61307210668338,4.047663261879453,4.0,9.83875882288636,0,0.4297974741924088,uploaded_model_v1,0
2026-04-27T18:48:08.240442,50.0,30.18364929567228,1.7668222637040714,9.0,4.308520006090129,0,0.0,uploaded_model_v1,0
2026-04-27T18:48:08.241545,41.0,24.72153483447652,0.3114397066053396,7.0,6.116918173352932,1,0.5965985787700131,uploaded_model_v1,1
2026-04-27T18:48:08.242754,32.0,26.73359337563424,0.2881505463314111,3.0,6.416822804036144,0,0.36953813393637963,uploaded_model_v1,0
2026-04-27T18:48:08.243686,47.0,27.838455891106385,1.4017741768466188,3.0,8.691439580498841,0,0.042738481640988854,uploaded_model_v1,0
2026-04-27T18:48:08.244621,59.0,31.21307533393358,6.934162836048002,6.0,3.694607172662528,0,0.05941089581934198,uploaded_model_v1,0
2026-04-27T18:48:08.245567,34.0,29.344947409322952,2.2598299518162133,6.0,6.000509954459723,0,0.0,uploaded_model_v1,0
2026-04-27T18:48:08.246639,22.0,38.22662341071718,7.603673364602366,4.0,7.399515191653427,0,0.44874893800593424,uploaded_model_v1,1
2026-04-27T18:48:08.247586,46.0,28.933196623928268,4.652978343913548,9.0,4.506089351368389,0,0.05924313175500724,uploaded_model_v1,0
2026-04-27T18:48:08.248642,21.0,39.82747632611288,3.4929135181501287,4.0,7.39227529136251,1,0.5390240963927347,uploaded_model_v1,1
2026-04-27T18:48:08.249596,27.0,36.731349070392106,4.640710677355637,9.0,9.465653862847567,0,0.45784446665920325,uploaded_model_v1,1
2026-04-27T18:48:08.250915,34.0,22.587231315861388,4.133587081810142,4.0,9.982626918208725,1,0.9438314025218135,uploaded_model_v1,1
2026-04-27T18:48:08.253268,27.0,38.47309472216616,6.070210030058601,2.0,3.22715753753473,0,0.0645169487452467,uploaded_model_v1,0
2026-04-27T18:48:08.254902,34.0,20.560060753480474,2.259968527782818,2.0,4.649117597712743,0,0.09351794390317587,uploaded_model_v1,0
2026-04-27T18:48:08.255939,37.0,35.98389358680622,2.824403132802419,5.0,5.172149810541882,0,0.0,uploaded_model_v1,0
2026-04-27T18:48:08.257065,41.0,26.37371245648476,7.152754420266006,4.0,5.793882703114763,1,0.8989403240337943,uploaded_model_v1,1
2026-04-27T18:48:08.258290,22.0,37.31543504979153,7.571652105203244,7.0,4.695800103093372,0,0.06565263488649403,uploaded_model_v1,0
2026-04-27T18:48:08.259292,51.0,37.09724718236391,7.140465819891796,5.0,4.424415961887187,0,0.07065491628915195,uploaded_model_v1,0
2026-04-27T18:48:08.260313,23.0,35.730358802587666,3.3555839516585086,6.0,9.6818768969225,1,0.5469489079572211,uploaded_model_v1,1
2026-04-27T18:48:08.261315,19.0,35.38066959875535,6.242924024055053,4.0,9.429651219393625,0,0.44019267272432233,uploaded_model_v1,0
2026-04-27T18:48:08.262532,30.0,24.702941060156896,3.8106858664087904,2.0,3.328947507021822,1,0.9241424674678619,uploaded_model_v1,1
2026-04-27T18:48:08.263764,28.0,19.780224227127547,3.9803188171688175,9.0,5.371691151233938,1,0.8901199665027432,uploaded_model_v1,1
2026-04-27T18:48:08.264889,40.0,26.865563932833552,1.6374408724582716,7.0,5.836039875748846,0,0.05637030557653724,uploaded_model_v1,0
2026-04-27T18:48:08.265817,33.0,21.81753932970319,4.729042426068132,4.0,4.673101742661603,1,0.9165773529915863,uploaded_model_v1,1
2026-04-27T18:48:08.266998,48.0,33.28892395585416,1.4890871820267837,3.0,7.402110278917228,0,0.057053532567454074,uploaded_model_v1,0
2026-04-27T18:48:08.268084,28.0,25.61419398383128,2.65251759253755,3.0,7.482665226509687,1,0.609646986324934,uploaded_model_v1,1
2026-04-27T18:48:08.269051,33.0,39.46342441891812,6.840241612959481,9.0,8.953529598300179,0,0.35931120420172746,uploaded_model_v1,0
2026-04-27T18:48:08.270075,25.0,32.10138570159731,1.6566064736868418,5.0,8.186084878696525,0,0.05009645077599156,uploaded_model_v1,0
2026-04-27T18:48:08.271030,21.0,36.094572399955936,0.5692662813874625,3.0,6.798013288761689,0,0.05567787831794346,uploaded_model_v1,0
2026-04-27T18:48:08.272181,57.0,20.915542800320665,0.5520607409025304,5.0,7.575107390310939,0,0.44996321419637636,uploaded_model_v1,1
2026-04-27T18:48:08.273328,21.0,36.9643186099977,7.526276164024863,2.0,4.917921470801127,0,0.0635548586006056,uploaded_model_v1,0
2026-04-27T18:48:08.274346,42.0,38.30065819129467,4.055363503694677,4.0,7.151393329771503,0,0.4222291963100188,uploaded_model_v1,0
2026-04-27T18:48:08.275284,20.0,28.71536221401659,3.275296574536146,2.0,6.424590783249434,1,0.5360304416318249,uploaded_model_v1,1
2026-04-27T18:48:08.276271,49.0,31.337564630521506,6.4870286480633474,2.0,3.933411271214593,0,0.0771929689420315,uploaded_model_v1,0
2026-04-27T18:48:08.277350,20.0,34.8258156198659,6.686607423284128,8.0,4.697809936080795,0,0.05666858409361972,uploaded_model_v1,0
2026-04-27T18:48:08.278362,44.0,21.84644979972908,2.657528264924837,1.0,5.041854155051103,0,0.09749707304647498,uploaded_model_v1,0
2026-04-27T18:48:08.279416,46.0,29.05645368219573,5.548944459790362,7.0,9.470166969367906,0,0.47524492968121607,uploaded_model_v1,1
2026-04-27T18:48:08.280417,49.0,26.77058661099089,6.168982526815093,5.0,4.612706475701226,1,0.9228872618072753,uploaded_model_v1,1
2026-04-27T18:48:08.281492,36.0,21.22022782756948,5.237205494927636,8.0,5.0247073197376775,1,0.9255121921542842,uploaded_model_v1,1
2026-04-27T18:48:08.282484,38.0,26.08575729041369,1.212760598400795,1.0,5.585478910626026,0,0.06140986393041417,uploaded_model_v1,0
2026-04-27T18:48:08.283620,22.0,19.49979080648086,7.007064668136456,7.0,7.646199170377709,1,0.9670526554272628,uploaded_model_v1,1
2026-04-27T18:48:08.284949,35.0,18.567861952888716,4.31275642188807,5.0,3.827668747304984,1,0.9175290402402625,uploaded_model_v1,1
2026-04-27T18:48:08.286130,45.0,20.973658361406105,2.259779410960029,4.0,9.677616487456431,0,0.3469865633600427,uploaded_model_v1,0
2026-04-27T18:48:08.287114,59.0,39.18853245496182,3.401825483501552,7.0,9.058998540663351,0,0.46818128744368204,uploaded_model_v1,1
2026-04-27T18:48:08.288052,39.0,30.089649789690373,0.300568723191259,2.0,7.040512511062651,0,0.058206409817350604,uploaded_model_v1,0
2026-04-27T18:48:08.289045,38.0,39.24808754537084,1.0229344097793405,1.0,7.718265071974697,0,0.06186614354121021,uploaded_model_v1,0
2026-04-27T18:48:08.290090,23.0,27.5149533232629,6.124374004126887,1.0,3.116623298709512,0,0.08435709344947943,uploaded_model_v1,0
2026-04-27T18:48:08.291129,18.0,24.859954927875712,9.307804292912893e-05,1.0,5.372613427439141,0,0.09577037597787827,uploaded_model_v1,0
2026-04-27T18:48:08.292084,22.0,29.13512098248537,3.3325266278583374,5.0,8.569621614630094,0,0.47568418898677167,uploaded_model_v1,0
2026-04-27T18:48:08.293154,58.0,27.66925714992402,4.180081448684708,7.0,3.542380816546701,0,0.0778921268122859,uploaded_model_v1,0
2026-04-27T18:48:08.294103,29.0,20.32462305375837,0.4370753600077783,2.0,4.976196839475041,0,0.07659294748749862,uploaded_model_v1,0
2026-04-27T18:48:08.295117,43.0,32.098178923184534,7.784625303778663,8.0,7.097077798340179,0,0.4326639921721792,uploaded_model_v1,1
2026-04-27T18:48:08.296046,51.0,22.75284001521119,1.8090026499973757,4.0,4.794891193892592,0,0.08722708813832146,uploaded_model_v1,0
2026-04-27T18:48:08.296985,31.0,31.63093500775225,2.433589757090247,3.0,9.537845819011634,0,0.04496517115828757,uploaded_model_v1,0
2026-04-27T18:48:08.297961,43.0,32.30442403275937,2.431540098040218,8.0,3.917410415630032,0,0.008461538461538461,uploaded_model_v1,0
2026-04-27T18:48:08.298882,44.0,21.34454676883026,1.8433332969387992,2.0,8.581760505354449,0,0.34879619579227245,uploaded_model_v1,0
2026-04-27T18:48:08.300323,26.0,19.349691796434698,0.0117905766904913,3.0,6.555640843344857,0,0.4128614278311066,uploaded_model_v1,0
2026-04-27T18:48:08.302240,43.0,35.176754893505674,5.834758352703971,3.0,8.252315430739692,0,0.3922642792458816,uploaded_model_v1,0
2026-04-27T18:48:08.303668,39.0,28.11560932292505,7.734763998394283,1.0,5.175007298180132,0,0.0593620353034347,uploaded_model_v1,0
2026-04-27T18:48:08.305361,47.0,19.279603501120462,1.7943478662803605,6.0,6.601427216184272,0,0.36214903554231775,uploaded_model_v1,0
2026-04-27T18:48:08.306518,34.0,39.88705897773488,5.304377534427379,2.0,8.997847448062235,0,0.3666803046767426,uploaded_model_v1,0
2026-04-27T18:48:08.307800,43.0,19.271172341920067,5.935170615669721,1.0,6.2681466938617305,1,0.9508046798276243,uploaded_model_v1,1
2026-04-27T18:48:08.308965,53.0,33.29077503488817,6.787403032724198,2.0,5.518039033371887,0,0.057184838013753084,uploaded_model_v1,0
2026-04-27T18:48:08.310337,18.0,39.6409363557951,3.381033576108873,6.0,6.753087703769152,1,0.6119008225510266,uploaded_model_v1,1
2026-04-27T18:48:08.311507,25.0,23.26196229275036,2.423447245123434,4.0,8.021539271254568,0,0.4953831324384954,uploaded_model_v1,0
2026-04-27T18:48:08.312802,52.0,21.129486111118315,2.602361072184249,6.0,6.104943418489519,1,0.5023204756267774,uploaded_model_v1,1
2026-04-27T18:48:08.313791,32.0,20.670468667293434,5.700970664788103,9.0,9.57213882599591,1,0.939409044456011,uploaded_model_v1,1
2026-04-27T18:48:08.314806,39.0,24.672053246487103,6.534235732045088,8.0,5.064620768296394,1,0.9409763964649204,uploaded_model_v1,1
2026-04-27T18:48:08.315800,31.0,20.223007842234228,1.4529117420528213,1.0,6.328245243183843,0,0.3738142792244011,uploaded_model_v1,0
2026-04-27T18:48:08.316812,43.0,33.2275495172709,2.9675280652621217,8.0,8.29849361539009,0,0.07915393016985367,uploaded_model_v1,0
2026-04-27T18:48:08.318457,45.0,19.37041955886138,7.2155215739932,9.0,7.823847633470307,1,0.9597003162693234,uploaded_model_v1,1
2026-04-27T18:48:08.320080,40.0,29.207286819295373,6.453548157557914,6.0,9.045487366920092,0,0.3960972248024758,uploaded_model_v1,0
2026-04-27T18:48:08.321449,31.0,39.92733078476549,7.878867222099807,5.0,9.977664264767762,0,0.4924464861102183,uploaded_model_v1,1
2026-04-27T18:48:08.322698,41.0,35.90734592913242,6.033986077456646,6.0,5.9880083015656265,0,0.07782097630692696,uploaded_model_v1,0
2026-04-27T18:48:08.323851,19.0,31.53482764108224,3.145561608223378,6.0,3.778056158483183,0,0.06129219707847465,uploaded_model_v1,0
2026-04-27T18:48:08.324870,43.0,24.737579657305456,4.725102671957102,9.0,3.212911165655776,1,0.9125403021736352,uploaded_model_v1,1
2026-04-27T18:48:08.325896,31.0,31.72570839841605,5.288114033978562,4.0,8.0881383429784,0,0.4110901135531415,uploaded_model_v1,0
2026-04-27T18:48:08.326990,24.0,29.594912206056332,0.6276465305369916,2.0,9.11809569916101,0,0.04604977104801536,uploaded_model_v1,0
2026-04-27T18:48:08.327997,20.0,27.373834445588173,4.355975672830921,9.0,4.544988101610931,0,0.058891001939032336,uploaded_model_v1,0
2026-04-27T18:48:08.329131,40.0,20.87562828828439,5.674566627780877,2.0,4.1091362603293415,1,0.9381573743926388,uploaded_model_v1,1
2026-04-27T18:48:08.330043,35.0,37.50529273529027,1.338570432008483,9.0,3.4354356406798368,0,0.0,uploaded_model_v1,0
2026-04-27T18:48:08.330989,55.0,27.895262274069097,6.245053739404457,2.0,8.758920452020444,0,0.3456054685920016,uploaded_model_v1,0
2026-04-27T18:48:08.331902,52.0,22.281695260056832,4.670182244112893,8.0,5.179673579248091,1,0.9166718773571264,uploaded_model_v1,1
2026-04-27T18:48:08.332907,32.0,26.090705719300374,7.617774285580757,9.0,5.811878249318435,1,0.9049565909532032,uploaded_model_v1,1
2026-04-27T18:48:08.334343,42.0,27.110854555636397,0.3393783856551335,9.0,6.519251341267286,0,0.06525843330640752,uploaded_model_v1,0
2026-04-27T18:48:08.335312,54.0,36.20583370247124,2.122609100443736,9.0,8.876172639466855,0,0.03235723049130697,uploaded_model_v1,0
2026-04-27T18:48:08.336326,45.0,34.13951637235084,4.8124310343985925,2.0,7.555832550930394,0,0.4071933283893492,uploaded_model_v1,0
2026-04-27T18:48:08.337313,27.0,34.92470766010948,2.3724792976474456,4.0,7.305452409004679,0,0.05313961808283052,uploaded_model_v1,0
2026-04-27T18:48:08.338272,56.0,18.24268781743024,5.715393312569938,7.0,4.229704699691375,1,0.9102755140959502,uploaded_model_v1,1
2026-04-27T18:48:08.339344,34.0,27.15538795995475,6.072042260175448,2.0,6.592329241968809,0,0.3872721877436666,uploaded_model_v1,0
2026-04-27T18:48:08.340273,56.0,28.58957133597712,0.8201277125317956,1.0,8.007667120250586,0,0.06331187497066068,uploaded_model_v1,0
2026-04-27T18:48:08.341517,39.0,18.42223009010725,4.110835713654142,3.0,9.812826181213442,1,0.9323803264274787,uploaded_model_v1,1
2026-04-27T18:48:08.342446,43.0,23.715890592390757,4.071124444728447,4.0,4.409844164493466,1,0.9327494023108147,uploaded_model_v1,1
2026-04-27T18:48:08.343465,42.0,34.72637610868697,2.9542461617243285,8.0,3.0668034714705863,0,0.010582847417343928,uploaded_model_v1,0
2026-04-27T18:48:08.344462,34.0,21.01641352603798,7.463398900557377,6.0,3.5271100351892883,1,0.9076753684138598,uploaded_model_v1,1
2026-04-27T18:48:08.345405,30.0,29.776822891957018,6.62005055898577,2.0,5.630967256273855,0,0.05424918613376747,uploaded_model_v1,0
2026-04-27T18:48:08.346371,37.0,22.734441184379225,5.577675055277094,9.0,8.74381253422191,1,0.9511240904038156,uploaded_model_v1,1
2026-04-27T18:48:08.347363,42.0,18.26665704216565,5.71461308587998,2.0,3.0499945723777158,1,0.9412364623600221,uploaded_model_v1,1
2026-04-27T18:48:08.348268,21.0,23.306432067189917,3.6937291505049528,5.0,6.197114150200882,1,0.9590037525072255,uploaded_model_v1,1
2026-04-27T18:48:08.349350,27.0,39.469222608021184,7.367956168772607,4.0,5.304614307389762,0,0.0591837945098178,uploaded_model_v1,0
2026-04-27T18:48:08.350816,20.0,35.633816461425766,5.556763418026283,7.0,3.367371970698093,0,0.058280405427083036,uploaded_model_v1,0
2026-04-27T18:48:08.352088,58.0,39.11068617506274,5.831848493246532,8.0,6.151654006708321,0,0.3510930728586585,uploaded_model_v1,0
2026-04-27T18:48:08.353110,35.0,28.73278896637997,6.893527230298762,5.0,4.783240951357032,0,0.057738307882427925,uploaded_model_v1,0
2026-04-27T18:48:08.354131,53.0,20.41419637090508,2.192572714737528,5.0,5.463193840429045,0,0.08084775433887909,uploaded_model_v1,0
2026-04-27T18:48:08.355117,39.0,30.055108757421245,6.456567230933624,2.0,7.939307133490051,0,0.3927528093237266,uploaded_model_v1,0
2026-04-27T18:48:08.356344,51.0,27.996301360319137,1.5619248236519363,8.0,6.6508568873767695,0,0.04179121008062267,uploaded_model_v1,0
2026-04-27T18:48:08.357408,25.0,36.57585582027156,2.7627356179591027,2.0,3.8725320029496935,0,0.0007167431192660551,uploaded_model_v1,0
2026-04-27T18:48:08.358333,57.0,20.15781677725338,2.6848836341587416,6.0,9.729901782965474,0,0.4585883799038236,uploaded_model_v1,0
2026-04-27T18:48:08.359247,36.0,28.74130501447912,7.828203747113124,8.0,7.451375359968169,0,0.3740337655077711,uploaded_model_v1,0
2026-04-27T18:48:08.360271,59.0,21.301070623267652,6.852297789983415,6.0,8.361078979637721,1,0.9574885941985197,uploaded_model_v1,1
2026-04-27T18:48:08.361404,58.0,25.14287039158132,5.609358892722078,4.0,3.554492050058596,1,0.9213696060632721,uploaded_model_v1,1
2026-04-27T18:48:08.362348,54.0,34.22185570253159,5.816454092923121,4.0,3.3294086562201324,0,0.0676554778953139,uploaded_model_v1,0
2026-04-27T18:48:08.363207,23.0,28.472398846112863,4.496582355220569,6.0,3.1361363525765684,0,0.06418323966559435,uploaded_model_v1,0
2026-04-27T18:48:08.364170,43.0,26.269542273206923,7.576725336868153,4.0,4.321558194414111,1,0.9388568587719941,uploaded_model_v1,1
2026-04-27T18:48:08.365112,51.0,26.67847812854077,3.970070023058892,8.0,5.900858784029466,1,0.9139611620429805,uploaded_model_v1,1
2026-04-27T18:48:08.366145,23.0,28.107828904931708,3.044141678959156,9.0,9.55078293381976,1,0.5041139445734804,uploaded_model_v1,1
2026-04-27T18:48:08.367591,54.0,35.27036396441525,1.304282695452728,1.0,6.199417614860434,0,0.0523736101852062,uploaded_model_v1,0
2026-04-27T18:48:08.369282,50.0,37.62586315668516,6.289645218088464,4.0,5.031785737607706,0,0.08030410471983394,uploaded_model_v1,0
2026-04-27T18:48:08.370841,39.0,39.01736310308642,5.875551456604732,4.0,6.933546774637644,0,0.41847717550237534,uploaded_model_v1,0
2026-04-27T18:48:08.372001,38.0,35.31187449761649,3.074840308193079,2.0,3.783542046943525,0,0.06584307610138922,uploaded_model_v1,0
2026-04-27T18:48:08.373027,23.0,24.93895170645628,0.2015473116738348,6.0,7.266541237034882,0,0.4701844276739683,uploaded_model_v1,0
2026-04-27T18:48:08.374100,23.0,33.138963533903926,6.711978621744086,3.0,6.979023680313523,0,0.45176307727362797,uploaded_model_v1,1
2026-04-27T18:48:08.375073,21.0,27.62726872921862,0.091343867632589,7.0,8.543951233839968,0,0.039653454105656835,uploaded_model_v1,0
2026-04-27T18:48:08.376076,47.0,23.602753685013127,5.629598237032408,5.0,9.906813281319168,1,0.9473974429750021,uploaded_model_v1,1
2026-04-27T18:48:08.376973,28.0,36.4991747473703,7.762056877808456,4.0,4.756114302012774,0,0.055699000025023315,uploaded_model_v1,0
2026-04-27T18:48:08.378023,47.0,18.84537967717115,3.501290625185628,5.0,6.567595155626325,1,0.9647435526344199,uploaded_model_v1,1
2026-04-27T18:48:08.379110,48.0,37.83876382697932,1.879787239967622,8.0,9.362057844233023,0,0.04356487188592066,uploaded_model_v1,0
2026-04-27T18:48:08.380111,41.0,28.152504221744152,5.638968080347054,3.0,8.496329190959889,0,0.36946985879116945,uploaded_model_v1,0
2026-04-27T18:48:08.381062,26.0,32.01843248978217,6.537025136124681,7.0,6.411844121705653,0,0.43294850209986313,uploaded_model_v1,1
2026-04-27T18:48:08.382003,20.0,32.50578628852722,4.3714425286227785,6.0,9.617601547303444,1,0.5301652529005394,uploaded_model_v1,1
2026-04-27T18:48:08.383101,48.0,37.6925902955438,7.7362822020491695,1.0,3.4006568546176656,0,0.06846695356471956,uploaded_model_v1,0
2026-04-27T18:48:08.384512,57.0,32.00673300767856,0.4133497732636888,7.0,9.516990337988087,0,0.04577709172236142,uploaded_model_v1,0
2026-04-27T18:48:08.386485,54.0,31.50653886472136,4.038364786436225,7.0,3.3535517466796456,0,0.07253568076851753,uploaded_model_v1,0
2026-04-27T18:48:08.388122,53.0,19.46634489233518,5.747631578580401,1.0,6.831133208802791,1,0.9137716589152365,uploaded_model_v1,1
2026-04-27T18:48:08.389264,41.0,29.40497648279449,6.901123769193432,9.0,9.2330866360076,0,0.43729849451086367,uploaded_model_v1,0
2026-04-27T18:48:08.390280,48.0,21.30371801797492,1.4340448952623204,6.0,4.83904660492912,0,0.08649798227852414,uploaded_model_v1,0
2026-04-27T18:48:08.391605,23.0,34.223542911872684,6.400027854109451,2.0,6.30573949261611,0,0.3968818874217611,uploaded_model_v1,0
2026-04-27T18:48:08.392730,19.0,29.26888225787884,4.421656605748362,5.0,5.270302153958767,0,0.05697367443820539,uploaded_model_v1,0
2026-04-27T18:48:08.393725,37.0,32.965011142583776,3.1724294559197057,4.0,9.66500741953446,1,0.5196031079375465,uploaded_model_v1,1
2026-04-27T18:48:08.394817,45.0,18.916803813252454,1.0537202286327485,7.0,8.765519163271636,0,0.44458755943432626,uploaded_model_v1,0
2026-04-27T18:48:08.395813,28.0,19.865424353007672,6.922366071271299,8.0,7.963010579284657,1,0.9699438235079496,uploaded_model_v1,1
2026-04-27T18:48:08.396939,21.0,33.759114537379006,1.2581856654377228,1.0,7.113388906305761,0,0.059322950592285185,uploaded_model_v1,0
2026-04-27T18:48:08.397879,32.0,19.585855391970814,2.478302873672794,5.0,8.744142525269037,0,0.4859717647718135,uploaded_model_v1,0
2026-04-27T18:48:08.398822,23.0,19.56764801083569,2.320364255699495,3.0,5.74586929066483,0,0.080861481649458,uploaded_model_v1,0
2026-04-27T18:48:08.399832,47.0,18.266386455167524,6.971312273526834,1.0,6.132862985742433,1,0.9512820458880146,uploaded_model_v1,1
2026-04-27T18:48:08.401036,55.0,39.04303076258856,5.381623953671184,3.0,8.11001204756603,0,0.36172079288922865,uploaded_model_v1,0
2026-04-27T18:48:08.402389,19.0,34.22518390809815,6.373451177530979,6.0,5.504283343056,0,0.05328067762408166,uploaded_model_v1,0
2026-04-27T18:48:08.403475,32.0,25.77153098704541,2.003743190339992,7.0,3.4473065943386167,0,0.12489895214962576,uploaded_model_v1,0
2026-04-27T18:48:08.404503,28.0,24.52378278832841,4.998992796855991,8.0,3.5203422622025,1,0.9128610363552905,uploaded_model_v1,1
2026-04-27T18:48:08.405588,25.0,25.69347105440869,4.5739678651499895,4.0,3.807539609139927,1,0.9328464062092888,uploaded_model_v1,1
2026-04-27T18:48:08.406712,43.0,35.042377685986,6.662643014306169,3.0,9.08776926340564,0,0.39852022416461996,uploaded_model_v1,0
2026-04-27T18:48:08.407822,22.0,32.55015344354912,7.248696483850084,5.0,6.30558498029343,0,0.41582219458060427,uploaded_model_v1,0
2026-04-27T18:48:08.409110,23.0,22.074302493084296,0.0972541718190944,9.0,7.990176585413155,0,0.4702574485351451,uploaded_model_v1,0
2026-04-27T18:48:08.410124,43.0,21.83040537734985,5.392159352470341,6.0,5.750365349234253,1,0.9122370390082541,uploaded_model_v1,1
2026-04-27T18:48:08.411065,21.0,20.16470429369474,0.4146863929578321,9.0,4.810976631909441,0,0.10313102790355537,uploaded_model_v1,0
2026-04-27T18:48:08.412128,36.0,32.52665983342944,4.390869320618847,6.0,5.430345172935484,0,0.05759550569579669,uploaded_model_v1,0
2026-04-27T18:48:08.413192,37.0,34.81619856887819,2.3010618323494256,2.0,8.559276417220286,0,0.03376226714596919,uploaded_model_v1,0
2026-04-27T18:48:08.414258,50.0,23.83102142315009,2.4542127961771296,5.0,7.376512875220067,1,0.5276864576013951,uploaded_model_v1,1
2026-04-27T18:48:08.415376,37.0,18.46078914268008,2.8236680276188526,9.0,9.563478459705316,1,0.513907047970515,uploaded_model_v1,0
2026-04-27T18:48:08.416830,29.0,19.8077766844814,4.970339592396881,8.0,7.757933450037838,1,0.9715157521837532,uploaded_model_v1,1
2026-04-27T18:48:08.418866,18.0,39.29292076659067,2.6723997253501537,7.0,6.991271422282858,0,0.05662693356577826,uploaded_model_v1,0
2026-04-27T18:48:08.420241,43.0,24.49978510450325,5.861592404722243,1.0,7.271372062900841,1,0.9477881953812447,uploaded_model_v1,1
2026-04-27T18:48:08.421593,31.0,34.92290925243894,3.236219084590957,4.0,9.596600076278902,0,0.49228084227402064,uploaded_model_v1,0
2026-04-27T18:48:08.422686,55.0,31.742598514793805,0.5468256024796689,7.0,8.517406509066943,0,0.0368932481445519,uploaded_model_v1,0
2026-04-27T18:48:08.423900,54.0,26.40267207236371,6.270078739872858,7.0,3.1682886615650645,1,0.9297168469062652,uploaded_model_v1,1
2026-04-27T18:48:08.425000,28.0,22.52511976830221,2.286066596741648,6.0,6.738977872949881,0,0.4298359966859043,uploaded_model_v1,0
2026-04-27T18:48:08.426100,53.0,20.67050119950694,3.462135036794101,8.0,7.818368880825954,1,0.9388272150316184,uploaded_model_v1,1
2026-04-27T18:48:08.427147,30.0,31.530285296855062,5.483551065775212,6.0,8.240889349074084,0,0.4178376114551665,uploaded_model_v1,1
2026-04-27T18:48:08.428266,20.0,35.04194317403133,2.659649257189696,3.0,4.4919948351975565,0,0.0008834097859327217,uploaded_model_v1,0
2026-04-27T18:48:08.429445,50.0,32.165893577904875,0.452685249173725,4.0,9.070241481159464,0,0.046075619367140525,uploaded_model_v1,0
2026-04-27T18:48:08.430721,23.0,29.66664693148148,2.9913683761025087,3.0,9.690902030226146,0,0.21033946587221317,uploaded_model_v1,0
2026-04-27T18:48:08.431781,27.0,18.922926915496,7.555588661554427,1.0,4.6570071409140885,1,0.9375025925225822,uploaded_model_v1,1
2026-04-27T18:48:08.432970,22.0,39.306753107076446,5.1338751783884655,5.0,9.17830820262072,1,0.5211385456511103,uploaded_model_v1,1
2026-04-27T18:48:08.434248,40.0,35.57171221640064,5.371833189337655,1.0,3.678851337612668,0,0.06745966431990101,uploaded_model_v1,0
2026-04-27T18:48:08.436434,27.0,24.442084807421224,5.058257229101119,1.0,3.389947852806716,1,0.9280562207481915,uploaded_model_v1,1
2026-04-27T18:48:08.437732,19.0,39.55934724589471,1.5919371116754943,2.0,3.904566600719245,0,0.001202854230377166,uploaded_model_v1,0
2026-04-27T18:48:08.438954,30.0,31.241394971999085,3.346670912818241,4.0,3.404187556269252,0,0.08541228978926997,uploaded_model_v1,0
2026-04-27T18:48:08.439908,57.0,30.813298480559425,6.007518386906546,6.0,8.915085660090432,0,0.39319115879448185,uploaded_model_v1,0
2026-04-27T18:48:08.440904,19.0,34.45760994744971,0.8109831804252732,8.0,3.4133510112079035,0,0.00016666666666666666,uploaded_model_v1,0
2026-04-27T18:48:08.441985,37.0,35.85893533798303,2.222822208717698,3.0,4.901649339545589,0,9.174311926605505e-05,uploaded_model_v1,0
2026-04-27T18:48:08.442968,18.0,32.442529361293055,2.210552867726829,1.0,3.7262944047509943,0,0.010258409785932721,uploaded_model_v1,0
2026-04-27T18:48:08.444055,54.0,20.8181064200564,3.456151420756048,3.0,5.067954254196355,1,0.900661768760544,uploaded_model_v1,1
2026-04-27T18:48:08.445005,26.0,25.44188513187897,7.84294992753748,3.0,3.6339162732064434,1,0.9222335341775484,uploaded_model_v1,1
2026-04-27T18:48:08.446000,34.0,38.41784008717309,0.5400203734705755,5.0,7.676022755201098,0,0.0464891132433717,uploaded_model_v1,0
2026-04-27T18:48:08.446958,26.0,22.94154346056474,4.14960795504476,4.0,3.933287714398026,1,0.9176021991967892,uploaded_model_v1,1
2026-04-27T18:48:08.447945,28.0,26.187674524425294,1.4349174560976836,4.0,8.962921480872215,1,0.5703267652342217,uploaded_model_v1,1
2026-04-27T18:48:08.448931,32.0,27.505691424772312,7.765412363277953,9.0,8.720337355086487,0,0.353069357909683,uploaded_model_v1,1
2026-04-27T18:48:08.472825,41.0,27.66690977327795,0.9064280378197136,7.0,3.095631798294266,0,0.0,uploaded_model_v1,0
2026-04-27T18:48:08.473985,55.0,31.48467081487956,3.22880801889273,4.0,9.270084488605802,0,0.466260130771996,uploaded_model_v1,0
2026-04-27T18:48:08.475280,52.0,38.74766843038357,5.9030798786768495,3.0,3.2026102172035693,0,0.07977015665752787,uploaded_model_v1,0
2026-04-27T18:48:08.476481,47.0,23.295239660315108,5.636435424219562,6.0,4.677520494702897,1,0.923294906236135,uploaded_model_v1,1
2026-04-27T18:48:08.477613,48.0,20.6730302786202,3.381829095151458,3.0,3.226723964431965,1,0.9128497222838571,uploaded_model_v1,1
2026-04-27T18:48:08.478677,22.0,22.34435077691862,2.772193343621746,6.0,5.350904409275212,0,0.17748812699261973,uploaded_model_v1,0
2026-04-27T18:48:08.479969,31.0,37.512347804603934,3.180899028422965,9.0,6.597065679992902,0,0.49266461827154606,uploaded_model_v1,1
2026-04-27T18:48:08.480957,28.0,32.20783787841453,2.1142101052691142,6.0,8.576514083105966,0,0.05009645077599156,uploaded_model_v1,0
2026-04-27T18:48:08.482283,26.0,24.289949363261524,1.6426635096543984,4.0,5.365870853288853,0,0.09796555324538504,uploaded_model_v1,0
2026-04-27T18:48:08.483601,51.0,35.950832657309576,3.86431758047112,5.0,7.938430172711817,0,0.4178253550789903,uploaded_model_v1,1
2026-04-27T18:48:08.484627,29.0,36.95013991999559,2.1482700485408586,6.0,4.312531199832862,0,0.0,uploaded_model_v1,0
2026-04-27T18:48:08.485585,52.0,36.62331545118612,2.299693319178001,3.0,8.254189197208884,0,0.042383500529465774,uploaded_model_v1,0
2026-04-27T18:48:08.486662,52.0,38.2163837400702,5.2540485077964565,8.0,4.651976241364663,0,0.06392087848177358,uploaded_model_v1,0
2026-04-27T18:48:08.487661,18.0,23.54930244381396,7.748298653599138,4.0,4.004813291606375,1,0.8993886760626526,uploaded_model_v1,1
2026-04-27T18:48:08.488696,57.0,34.61092243241812,4.829097604475001,8.0,4.29786195261838,0,0.056499969258801075,uploaded_model_v1,0
2026-04-27T18:48:08.489681,39.0,28.13186894003108,0.6158357365197302,3.0,4.274441902172988,0,9.174311926605505e-05,uploaded_model_v1,0
2026-04-27T18:48:08.490728,46.0,36.52396816358136,0.6046689108325358,7.0,6.590040155638938,0,0.06087652029627733,uploaded_model_v1,0
2026-04-27T18:48:08.491958,25.0,34.02679489755549,7.611385766764528,9.0,8.913583068317022,0,0.3912544116839033,uploaded_model_v1,0
2026-04-27T18:48:08.493291,28.0,35.081843822993946,2.378326322458669,4.0,3.5572355389475394,0,0.0008834097859327217,uploaded_model_v1,0
2026-04-27T18:48:08.494343,58.0,32.43556042898357,0.7365358886598035,8.0,7.948694229453959,0,0.04463784542342105,uploaded_model_v1,0
2026-04-27T18:48:08.495336,54.0,21.90343292833355,4.7923566972030525,3.0,7.580425217570004,1,0.9122613298170279,uploaded_model_v1,1
2026-04-27T18:48:08.496720,31.0,29.990592215732644,4.989190226322129,7.0,9.107639662805536,0,0.4248341754699425,uploaded_model_v1,0
2026-04-27T18:48:08.497816,47.0,39.66273426953918,5.188038560949505,3.0,4.70903292354835,0,0.07405815389365068,uploaded_model_v1,0
2026-04-27T18:48:08.498872,52.0,38.62253746293662,2.1392162228603304,7.0,6.150769010795207,0,0.10663303432743869,uploaded_model_v1,0
2026-04-27T18:48:08.499837,38.0,18.949822187534256,0.1208854737158002,6.0,9.480791621104622,1,0.5359548700116638,uploaded_model_v1,1
2026-04-27T18:48:08.501135,54.0,21.625925946047616,7.720122955635775,2.0,7.61995415094722,1,0.9077906315236032,uploaded_model_v1,1
2026-04-27T18:48:08.503610,22.0,20.89803301600036,2.00714436552882,3.0,5.721378890031178,0,0.08106235175285105,uploaded_model_v1,0
2026-04-27T18:48:08.505322,36.0,33.9715580196765,5.40821030442038,6.0,3.9198866799868792,0,0.06276634997906096,uploaded_model_v1,0
2026-04-27T18:48:08.506575,31.0,35.99127725685279,5.653038959029677,4.0,4.837395055304137,0,0.05649087372451624,uploaded_model_v1,0
2026-04-27T18:48:08.507720,43.0,22.697250058834783,4.8800593366358855,6.0,7.068508342425683,1,0.9603979130168325,uploaded_model_v1,1
2026-04-27T18:48:08.509040,21.0,29.12875924494024,2.5032591537091857,1.0,8.027175632923596,0,0.05373469270176015,uploaded_model_v1,0
2026-04-27T18:48:08.510016,42.0,36.4954666162464,2.168770030112526,1.0,3.8709532079632543,0,9.174311926605505e-05,uploaded_model_v1,0
2026-04-27T18:48:08.510944,59.0,34.12163398485751,4.781346261621625,3.0,7.197180820308378,0,0.38690419705850426,uploaded_model_v1,0
2026-04-27T18:48:08.512005,42.0,29.929218520820665,6.928765068893532,8.0,6.852458951871257,0,0.4259817668829255,uploaded_model_v1,0
2026-04-27T18:48:08.513117,35.0,30.987649190093,7.573869831387165,8.0,6.5976881268349565,0,0.4022264578374437,uploaded_model_v1,0
2026-04-27T18:48:08.514148,57.0,29.18393203215816,0.847246435230061,4.0,7.830861823774056,0,0.08328088184792906,uploaded_model_v1,0
2026-04-27T18:48:08.515081,25.0,24.54606592901405,1.2386289007817588,6.0,8.862147165584233,1,0.5756907056467393,uploaded_model_v1,1
2026-04-27T18:48:08.516200,56.0,30.430483842898354,7.557890070264637,8.0,5.260927782238078,0,0.07371416217811544,uploaded_model_v1,0
2026-04-27T18:48:08.517415,57.0,33.155476645102,5.8922818266783406,7.0,9.223085330776716,0,0.41628516078486555,uploaded_model_v1,1
2026-04-27T18:48:08.519769,31.0,37.213104148937774,7.0639505986381845,7.0,4.124435288329854,0,0.053658510516502486,uploaded_model_v1,0
2026-04-27T18:48:08.521391,49.0,31.99840978754346,1.6210610730827453,4.0,4.211167088258151,0,9.174311926605505e-05,uploaded_model_v1,0
2026-04-27T18:48:08.522543,55.0,34.74467381494948,4.700686968875215,9.0,4.867404445367468,0,0.04857207692641437,uploaded_model_v1,0
2026-04-27T18:48:08.523668,50.0,21.521575969000605,5.609116755339789,6.0,3.836716086829545,1,0.9099138999874816,uploaded_model_v1,1
2026-04-27T18:48:08.524747,40.0,28.154264437235376,5.440895083575781,3.0,4.612234572780143,0,0.08124536772552342,uploaded_model_v1,0
2026-04-27T18:48:08.525945,32.0,18.20529563619605,3.265213526933585,5.0,3.744882340319912,1,0.9166670127403042,uploaded_model_v1,1
2026-04-27T18:48:08.527002,50.0,23.426935019475707,0.1231591335304678,5.0,8.752266918897732,0,0.477162073764006,uploaded_model_v1,1
2026-04-27T18:48:08.528024,42.0,33.98215773248611,4.663408454434105,5.0,3.972782943206372,0,0.07308788650612395,uploaded_model_v1,0
2026-04-27T18:48:08.529146,34.0,39.819818929686,2.02481231343687,8.0,8.231082902918999,0,0.03788945373641584,uploaded_model_v1,0
2026-04-27T18:48:08.530407,50.0,20.18191819091875,3.6020339691431227,9.0,3.3353970753933364,1,0.8851402959011481,uploaded_model_v1,1
2026-04-27T18:48:08.531429,19.0,26.83287494894834,7.660648120670539,9.0,9.639642292597406,1,0.8639947405730232,uploaded_model_v1,1
2026-04-27T18:48:08.532361,31.0,35.60156131138151,3.1922825411394777,6.0,7.978120612694363,0,0.47807584250971297,uploaded_model_v1,1
2026-04-27T18:48:08.533284,57.0,22.48878396183577,6.718412853315414,6.0,3.0475758401027826,1,0.9335968767928042,uploaded_model_v1,1
2026-04-27T18:48:08.534433,57.0,30.211868884650297,1.508324845994009,9.0,8.346995501401498,0,0.06950500963137243,uploaded_model_v1,0
2026-04-27T18:48:08.535585,56.0,34.12756851265284,5.379683984200231,4.0,6.598573445363297,0,0.3910205084557199,uploaded_model_v1,1
2026-04-27T18:48:08.536724,23.0,31.551679905723937,7.816055635511548,6.0,8.455556192345838,0,0.4098156749732048,uploaded_model_v1,1
2026-04-27T18:48:08.537770,23.0,22.13654416153916,0.8151448069834943,4.0,6.657477662234119,0,0.4117291065480673,uploaded_model_v1,1
2026-04-27T18:48:08.538854,20.0,25.81846051108627,0.0665595378175361,1.0,7.487174003447483,0,0.4992512154679875,uploaded_model_v1,0
2026-04-27T18:48:08.539845,24.0,35.24341925867874,3.4686623410609148,7.0,8.504321587765283,0,0.474434943040619,uploaded_model_v1,1
2026-04-27T18:48:08.540899,25.0,30.192983310904367,0.7410038644109376,6.0,5.835756382114997,0,0.00016666666666666666,uploaded_model_v1,0
2026-04-27T18:48:08.541978,59.0,18.11505149794408,5.987074797409851,9.0,3.0189570487431645,1,0.837553079306424,uploaded_model_v1,1
2026-04-27T18:48:08.543046,32.0,34.74179672061807,7.316389310788471,7.0,8.949625471616319,0,0.3829046531287716,uploaded_model_v1,0
2026-04-27T18:48:08.544042,46.0,18.77684980868526,3.4721677816700707,7.0,5.666232538372638,1,0.8838283196129595,uploaded_model_v1,1
2026-04-27T18:48:08.545001,50.0,34.4061432200871,2.069693137243528,2.0,6.4722990821160815,0,0.058794502078852895,uploaded_model_v1,0
2026-04-27T18:48:08.546178,47.0,22.454572323635222,3.4752265520528782,9.0,3.054366495077781,1,0.8923580734827858,uploaded_model_v1,1
2026-04-27T18:48:08.547130,56.0,39.07761656262636,5.787582542800008,9.0,6.444644072450686,0,0.3884384030313652,uploaded_model_v1,1
2026-04-27T18:48:08.548119,44.0,26.09469652864586,0.0724332926429678,6.0,9.905411811002107,1,0.5746407967227432,uploaded_model_v1,1
2026-04-27T18:48:08.549066,53.0,25.192495559437734,4.7156319158775775,3.0,4.947873625731388,1,0.920800760126559,uploaded_model_v1,1
2026-04-27T18:48:08.550119,46.0,21.27553710731378,4.9063334790990325,1.0,5.767927891696647,1,0.8858423806697466,uploaded_model_v1,1
2026-04-27T18:48:08.551414,55.0,24.72329274078473,5.101505975167484,4.0,7.810329975280736,1,0.9177141665963388,uploaded_model_v1,1
2026-04-27T18:48:08.552540,50.0,37.286316760220416,1.9361766398470177,3.0,8.703555672665612,0,0.04361157070490437,uploaded_model_v1,0
2026-04-27T18:48:08.553638,54.0,39.919355427799445,5.712421787025014,1.0,5.921741368042702,0,0.11503789470471207,uploaded_model_v1,0
2026-04-27T18:48:08.554777,44.0,26.102809671150663,0.7311318906542112,3.0,5.167682092809048,0,0.10194581502082584,uploaded_model_v1,0
2026-04-27T18:48:08.555909,50.0,27.86943388099993,1.5941626917344065,4.0,9.564780599895473,0,0.0609367660065756,uploaded_model_v1,0
2026-04-27T18:48:08.556952,21.0,33.88556064046021,7.019760373235855,8.0,7.740014766701685,0,0.4446287142655458,uploaded_model_v1,1
2026-04-27T18:48:08.558087,39.0,37.49630717023164,5.909785205812531,9.0,3.833149131451988,0,0.05197977287282822,uploaded_model_v1,0
2026-04-27T18:48:08.559060,19.0,31.04697535210925,0.109964432090762,3.0,3.4824951469425405,0,0.00016666666666666666,uploaded_model_v1,0
2026-04-27T18:48:08.560034,27.0,26.613565359912243,1.9870100829584016,6.0,6.384848955532584,0,0.4399777540574544,uploaded_model_v1,0
2026-04-27T18:48:08.560987,22.0,27.07768049866972,1.7152518639453165,5.0,4.540630462330907,0,0.00016666666666666666,uploaded_model_v1,0
2026-04-27T18:48:08.562022,27.0,33.30359922292975,2.1664506242957806,6.0,4.777893273633774,0,0.00016666666666666666,uploaded_model_v1,0
2026-04-27T18:48:08.563044,50.0,18.07080179929413,1.9804781622390912,4.0,9.143845251794938,0,0.4892034829596891,uploaded_model_v1,1
2026-04-27T18:48:08.563993,55.0,31.630965424116496,0.5002103659427659,6.0,3.626962170214175,0,0.0007692307692307692,uploaded_model_v1,0
2026-04-27T18:48:08.565032,30.0,25.820846229709865,3.6715241327745622,7.0,8.007548806602227,1,0.9590369643049652,uploaded_model_v1,1
2026-04-27T18:48:08.566069,48.0,35.472341288095855,5.861867798289321,9.0,4.897995773664117,0,0.050142440743756705,uploaded_model_v1,0
2026-04-27T18:48:08.567666,53.0,20.04579407610891,4.853853797739491,7.0,8.322297549828964,1,0.9496994129589886,uploaded_model_v1,1
2026-04-27T18:48:08.569680,41.0,30.94044987286459,5.382973348784638,6.0,8.056879691244813,0,0.4121913044523081,uploaded_model_v1,0
2026-04-27T18:48:08.571124,32.0,28.58140357749472,0.6491934282899132,1.0,3.051743310110051,0,0.02009174311926605,uploaded_model_v1,0
2026-04-27T18:48:08.572349,46.0,32.131161569915,7.611925681414298,2.0,6.563947890451194,0,0.4189805508740918,uploaded_model_v1,0
2026-04-27T18:48:08.573431,25.0,19.426779078625305,6.707934670744199,1.0,3.975236376646325,1,0.9316993891345392,uploaded_model_v1,1
2026-04-27T18:48:08.574528,22.0,30.75964332341889,6.440722547965302,9.0,9.063589214050737,0,0.419482712815403,uploaded_model_v1,0
2026-04-27T18:48:08.575624,46.0,30.35266093510952,6.58387044033414,9.0,9.101101180036846,0,0.3979018619267404,uploaded_model_v1,1
2026-04-27T18:48:08.576582,21.0,30.33452207715576,7.461684065062091,7.0,5.928420652456307,0,0.0831206315711097,uploaded_model_v1,0
2026-04-27T18:48:08.577546,29.0,31.276728665122008,4.354031728909582,2.0,6.110769329157564,0,0.4807978391278972,uploaded_model_v1,0
2026-04-27T18:48:08.578721,19.0,32.88229461897997,1.6022561429410072,6.0,5.12298057583169,0,0.00016666666666666666,uploaded_model_v1,0
2026-04-27T18:48:08.579678,44.0,35.70975799297693,4.934268862820329,4.0,8.016244092720218,0,0.41912905102654435,uploaded_model_v1,1
2026-04-27T18:48:08.580672,48.0,23.936055842820718,5.943051949343512,1.0,5.510629541185214,1,0.8767656478685892,uploaded_model_v1,1
2026-04-27T18:48:08.581587,53.0,36.15108702396137,5.903339146832203,1.0,4.8745473216584365,0,0.062467005814306885,uploaded_model_v1,0
2026-04-27T18:48:08.582598,53.0,28.96162500979598,4.171592193335041,5.0,6.025617416531558,0,0.38646760422364246,uploaded_model_v1,1
2026-04-27T18:48:08.584166,43.0,19.695282140955285,0.5476697546686244,2.0,3.640412628712211,0,0.08151635803991614,uploaded_model_v1,0
2026-04-27T18:48:08.586626,44.0,19.288120443367543,2.9689035074410226,4.0,8.226222432509427,1,0.6631672806809058,uploaded_model_v1,0
2026-04-27T18:48:08.588485,22.0,25.35324301131334,7.366132867706859,1.0,3.088174808902509,1,0.931579519563148,uploaded_model_v1,1
2026-04-27T18:48:08.590249,37.0,35.26773349645229,4.675591278059408,4.0,7.511395430644157,0,0.4005140236522636,uploaded_model_v1,1
2026-04-27T18:48:08.591481,28.0,33.56898056430015,4.306655546045707,6.0,4.280051687284107,0,0.0547110540112583,uploaded_model_v1,0
2026-04-27T18:48:08.592669,27.0,35.34952922279294,2.150828115057548,4.0,4.626828323500892,0,0.0002584097859327217,uploaded_model_v1,0
2026-04-27T18:48:08.593839,57.0,29.37991924171541,2.9475913593326317,1.0,7.449423990480279,0,0.13499995542624824,uploaded_model_v1,0
2026-04-27T18:48:08.595252,55.0,27.684377955020796,7.162768713225354,7.0,9.95060426048035,0,0.43372389173799664,uploaded_model_v1,0
2026-04-27T18:48:08.596280,23.0,21.243955587538245,5.331704380214686,2.0,8.444022423507855,1,0.9633665358973057,uploaded_model_v1,1
2026-04-27T18:48:08.597215,25.0,25.22024057940485,6.299096214018663,9.0,4.580877425563743,1,0.9212507113576994,uploaded_model_v1,1
2026-04-27T18:48:08.598291,40.0,27.548426055825256,3.634763384541241,3.0,4.232173285287937,0,0.07724894161976895,uploaded_model_v1,0
2026-04-27T18:48:08.599586,43.0,19.949209452951575,5.041977755649263,8.0,9.063630091873693,1,0.9504607944125141,uploaded_model_v1,1
2026-04-27T18:48:08.600934,29.0,22.85346295964665,1.98706886994566,8.0,6.10928763545053,1,0.5791388283930852,uploaded_model_v1,0
2026-04-27T18:48:08.602052,43.0,31.16095646940225,5.64368664226789,3.0,3.959369619797088,0,0.08729115843439818,uploaded_model_v1,0
2026-04-27T18:48:08.603202,30.0,34.18458851326218,3.4208106696266984,4.0,9.035479963253568,0,0.4532274470594296,uploaded_model_v1,1
2026-04-27T18:48:08.604341,57.0,39.96364525064489,3.5403641185179646,2.0,8.712646470399829,0,0.4002499157806422,uploaded_model_v1,0
2026-04-27T18:48:08.605413,35.0,38.52849328955827,5.194578596615053,4.0,9.887344547280144,0,0.4689293181518184,uploaded_model_v1,1
2026-04-27T18:48:08.606427,42.0,32.136434389774216,7.490244971751413,9.0,9.368205806988788,0,0.4402472333318583,uploaded_model_v1,0
2026-04-27T18:48:08.607416,50.0,27.267457172469584,0.5120507728689674,2.0,8.96253237062379,0,0.03922518697340369,uploaded_model_v1,0
2026-04-27T18:48:08.608491,57.0,31.99590202358112,6.597945898776061,3.0,3.368020784677022,0,0.07122320082472815,uploaded_model_v1,0
2026-04-27T18:48:08.609683,29.0,35.28433559776511,2.339064883297545,4.0,3.7309075864868255,0,0.0008834097859327217,uploaded_model_v1,0
2026-04-27T18:48:08.610653,53.0,20.60339620031452,3.5513556360510226,5.0,6.98288236012886,1,0.9446963777099563,uploaded_model_v1,1
2026-04-27T18:48:08.611604,21.0,27.01790757331834,0.1753066302000716,1.0,6.720354723972746,0,0.08096478963882112,uploaded_model_v1,0
2026-04-27T18:48:08.612564,22.0,36.47565028398358,2.408368622674504,7.0,6.205742501426748,0,0.08328336952515698,uploaded_model_v1,0
2026-04-27T18:48:08.613556,54.0,26.44432494252697,4.021049941041044,7.0,5.77752527790209,1,0.8880008728533904,uploaded_model_v1,1
2026-04-27T18:48:08.614640,25.0,30.581189966998103,0.4494086187795121,9.0,6.018473394050302,0,0.05349127824429029,uploaded_model_v1,0
2026-04-27T18:48:08.615699,59.0,30.93092593896836,3.928765835065321,4.0,6.985085538943567,0,0.4432944251161364,uploaded_model_v1,1
2026-04-27T18:48:08.616786,45.0,22.058477568940067,7.416885030867419,6.0,3.0145356232005684,1,0.9299952256060137,uploaded_model_v1,1
2026-04-27T18:48:08.618016,48.0,25.969179716350347,0.8431457448624418,2.0,4.824961418929965,0,0.1059656317194351,uploaded_model_v1,0
2026-04-27T18:48:08.619103,26.0,25.359248352322503,6.115525824604035,4.0,6.627958044820978,1,0.9524072023085786,uploaded_model_v1,1
2026-04-27T18:48:08.620256,46.0,18.576327587705425,3.277368427007941,2.0,8.055512690715524,1,0.9293219727160239,uploaded_model_v1,1
2026-04-27T18:48:08.621393,31.0,18.532218805609816,5.241389716194704,5.0,4.219096846767775,1,0.9085348226654081,uploaded_model_v1,1
2026-04-27T18:48:08.622420,57.0,36.29733496086702,2.081892783881835,7.0,6.828168216512031,0,0.04896400204161436,uploaded_model_v1,0
2026-04-27T18:48:08.623383,58.0,24.007557819401875,1.2759381003308663,1.0,8.001217787200472,0,0.42926723793629157,uploaded_model_v1,1
2026-04-27T18:48:08.624270,39.0,29.397732857253946,1.2837009141698117,7.0,6.112393605397333,0,0.12109644042050441,uploaded_model_v1,0
2026-04-27T18:48:08.625287,28.0,24.57196261895301,0.5639355651451572,6.0,3.189567935690357,0,0.12156614879627217,uploaded_model_v1,0
2026-04-27T18:48:08.626189,40.0,38.694943392537496,1.4851736392099442,6.0,6.144877109259458,0,0.13585304179853622,uploaded_model_v1,0
2026-04-27T18:48:08.627206,18.0,23.704528695047024,5.313755079911746,8.0,5.075114214209072,1,0.9290393938833159,uploaded_model_v1,1
2026-04-27T18:48:08.628157,54.0,27.452449880256573,7.053524894748064,8.0,9.507547253909298,0,0.41763834484432844,uploaded_model_v1,1
2026-04-27T18:48:08.629216,38.0,37.20006551066124,6.513005484729295,6.0,3.8722936997482913,0,0.0597114634749125,uploaded_model_v1,0
2026-04-27T18:48:08.630307,43.0,36.522538469419786,5.481074478995873,3.0,7.567331688550625,0,0.41289011695703254,uploaded_model_v1,1
2026-04-27T18:48:08.631370,53.0,22.0942311926181,0.8834549072888214,5.0,3.369038364341508,0,0.10444471898863361,uploaded_model_v1,0
2026-04-27T18:48:08.632386,40.0,35.65815281550563,2.3134995703675987,2.0,6.123193064688875,0,0.14994725139257808,uploaded_model_v1,0
2026-04-27T18:48:08.633286,18.0,28.08011150823364,2.478455002579752,5.0,6.877856410540565,0,0.05189961982943432,uploaded_model_v1,0
2026-04-27T18:48:08.634343,57.0,28.625315185877817,1.9996555711809696,9.0,5.085684519218058,0,0.006310160427807486,uploaded_model_v1,0
2026-04-27T18:48:08.636536,32.0,20.936559393150763,4.120045277677785,1.0,6.185529448642691,1,0.9450658837662922,uploaded_model_v1,1
2026-04-27T18:48:08.638080,38.0,19.77323330265674,4.284430519037381,5.0,4.144876561711312,1,0.9207770077199374,uploaded_model_v1,1
2026-04-27T18:48:08.639229,26.0,34.014664753422835,2.8550878013688816,6.0,5.128866946276253,0,0.00016666666666666666,uploaded_model_v1,0
2026-04-27T18:48:08.640200,26.0,28.9221453518166,2.830313269891488,7.0,7.347744274371421,0,0.05239576809980696,uploaded_model_v1,0
2026-04-27T18:48:08.641155,27.0,27.61071545753395,6.628444783248651,9.0,5.112600391028086,0,0.05498484167094319,uploaded_model_v1,0
2026-04-27T18:48:08.642216,43.0,34.04918103035273,6.314342786557485,6.0,9.298201548862105,0,0.45694995713920716,uploaded_model_v1,1
2026-04-27T18:48:08.643186,58.0,34.84128377780441,2.462366653445965,5.0,7.398848703486928,0,0.08779178664524383,uploaded_model_v1,0
2026-04-27T18:48:08.644219,52.0,21.49597968872578,7.310307550986074,7.0,6.070543129051892,1,0.94513306431678,uploaded_model_v1,1
2026-04-27T18:48:08.645229,42.0,31.424953288508107,7.622520136020048,1.0,3.2712985488792774,0,0.07098849125771534,uploaded_model_v1,0
2026-04-27T18:48:08.646223,43.0,20.97778981010908,2.613940336240326,5.0,6.496838346432699,0,0.43972264306578923,uploaded_model_v1,1
2026-04-27T18:48:08.647335,28.0,34.530251892639,2.835399590344439,2.0,8.353433694875624,0,0.038125750725534605,uploaded_model_v1,0
2026-04-27T18:48:08.648458,55.0,32.45301343787707,4.045073227375671,4.0,4.858903186086895,0,0.06860631105994425,uploaded_model_v1,0
2026-04-27T18:48:08.649555,19.0,39.04552166383608,7.528966500269388,7.0,8.64741498754137,0,0.41026084698841453,uploaded_model_v1,1
2026-04-27T18:48:08.652717,24.0,19.517076359841266,7.010555465138492,5.0,4.76264736235617,1,0.9265376319843113,uploaded_model_v1,1
2026-04-27T18:48:08.654319,35.0,19.255203865327594,0.8205437006687184,6.0,8.766224715655603,1,0.5060099035910458,uploaded_model_v1,1
2026-04-27T18:48:08.655611,44.0,24.2081156432504,3.1418459461713297,2.0,3.596878391281742,1,0.9068015091401551,uploaded_model_v1,1
2026-04-27T18:48:08.656617,51.0,23.757525042189933,4.426969517998175,3.0,9.063285962083206,1,0.9309344321897306,uploaded_model_v1,1
2026-04-27T18:48:08.657607,44.0,23.433533579583997,4.02505978041232,7.0,6.494305156533313,1,0.9626782642391082,uploaded_model_v1,1
2026-04-27T18:48:08.658753,34.0,37.93760077146281,1.5509045434951414,2.0,5.075763127341834,0,9.174311926605505e-05,uploaded_model_v1,0
2026-04-27T18:48:08.659753,41.0,23.490016396689136,6.8705341693452375,6.0,4.855792752906042,1,0.9329288051511674,uploaded_model_v1,1
2026-04-27T18:48:08.660869,42.0,23.98289397482988,5.415526263974699,5.0,6.024073912512539,1,0.9432715641303002,uploaded_model_v1,1
2026-04-27T18:48:08.661878,24.0,34.7067617731952,6.703266998814429,1.0,9.993346486725514,0,0.48076831963262195,uploaded_model_v1,1
2026-04-27T18:48:08.662965,23.0,27.89427653391188,6.8701142347957775,4.0,4.542291754063077,0,0.056721411372048995,uploaded_model_v1,0
2026-04-27T18:48:08.664010,41.0,35.087632253013986,5.986846829325918,2.0,3.722516542152997,0,0.06953097975647575,uploaded_model_v1,0
2026-04-27T18:48:08.665025,50.0,19.43805546641648,3.5136848099977387,4.0,7.0952461810306335,1,0.9402950796093738,uploaded_model_v1,1
2026-04-27T18:48:08.666158,46.0,28.72656626081445,4.884374040123396,1.0,6.4197972650818,0,0.48110749105032835,uploaded_model_v1,1
2026-04-27T18:48:08.667304,39.0,18.739499204032217,1.2829232489579452,2.0,6.669373897443151,0,0.4578475058627525,uploaded_model_v1,0
2026-04-27T18:48:08.668501,43.0,19.3783704760178,5.3891633397992615,8.0,7.66854792290052,1,0.9605310410436927,uploaded_model_v1,1
2026-04-27T18:48:08.669722,45.0,37.94162397357704,1.434026045914246,6.0,4.870008489094545,0,0.0,uploaded_model_v1,0
2026-04-27T18:48:08.670853,38.0,21.06339816458709,5.551596724081255,2.0,9.37465496768722,1,0.9519611765487066,uploaded_model_v1,1
2026-04-27T18:48:08.671986,24.0,29.713255010054777,1.8367852860317493,6.0,6.049704462856033,0,0.09946657408657486,uploaded_model_v1,0
2026-04-27T18:48:08.673111,34.0,27.044103257215543,0.9404104012017598,9.0,3.903603365997233,0,0.0025,uploaded_model_v1,0
2026-04-27T18:48:08.674170,37.0,25.64155317769454,1.3222759211436594,7.0,8.19609129713761,1,0.6138736981134479,uploaded_model_v1,0
2026-04-27T18:48:08.675240,58.0,37.79633360512,0.0159370817525621,9.0,7.501730468324951,0,0.07061311889376308,uploaded_model_v1,0
2026-04-27T18:48:08.676277,37.0,18.48011472906077,5.749916942828242,5.0,5.21020381738826,1,0.9152198285725034,uploaded_model_v1,1
2026-04-27T18:48:08.677475,39.0,32.60337309586296,5.859208392467033,7.0,7.350631068238339,0,0.39550579919144085,uploaded_model_v1,0
2026-04-27T18:48:08.678468,45.0,39.19467755269811,4.119466799306076,7.0,4.539033694582838,0,0.07607047446583745,uploaded_model_v1,0
2026-04-27T18:48:08.679353,57.0,30.323700036160524,1.2909024084430696,3.0,6.1138755153837065,0,0.14575249846520416,uploaded_model_v1,0
2026-04-27T18:48:08.680385,24.0,38.610094164728025,0.668434700085518,7.0,9.295887655171278,0,0.03711053843509934,uploaded_model_v1,0
2026-04-27T18:48:08.681307,18.0,19.149673344292523,0.153031731498296,1.0,3.934739632125246,0,0.08863010948565396,uploaded_model_v1,0
2026-04-27T18:48:08.682217,49.0,27.21345301963155,1.3259854157217656,9.0,5.706875149912234,0,0.0017647058823529412,uploaded_model_v1,0
2026-04-27T18:48:08.683180,30.0,23.723471401165128,7.126844279865174,6.0,8.747996973042431,1,0.952258069215414,uploaded_model_v1,1
2026-04-27T18:48:08.684390,47.0,34.07806122957605,1.9322947336134544,5.0,9.786436295843249,0,0.05924234832143664,uploaded_model_v1,0
2026-04-27T18:48:08.685521,40.0,39.58853599093943,2.8341706177377253,7.0,6.177482954952572,0,0.07536153912493736,uploaded_model_v1,0
2026-04-27T18:48:08.686649,36.0,23.64366137377345,0.8427638758506655,5.0,6.548997341003432,1,0.5236654536418398,uploaded_model_v1,1
2026-04-27T18:48:08.687742,49.0,32.39184123242964,1.7788904379853625,5.0,7.005203732486388,0,0.06958840422781193,uploaded_model_v1,0
2026-04-27T18:48:08.688776,47.0,22.35814792071428,4.153796566241641,7.0,9.526436991435975,1,0.9527876667586714,uploaded_model_v1,1
2026-04-27T18:48:08.689768,46.0,30.43726560057542,4.8620214647652205,7.0,9.007447536839209,0,0.39082542184751473,uploaded_model_v1,1
2026-04-27T18:48:08.690720,46.0,28.2065147071434,1.9628185133296885,3.0,4.194207872351511,0,0.0018564490016189964,uploaded_model_v1,0
2026-04-27T18:48:08.691906,47.0,39.38411725189381,0.4618572738009376,3.0,6.057304724929525,0,0.11598809857389021,uploaded_model_v1,0
2026-04-27T18:48:08.692894,33.0,31.387599999322266,3.128262953019189,3.0,6.248002997374984,0,0.47124327376169606,uploaded_model_v1,1
2026-04-27T18:48:08.693905,57.0,25.689140185910013,1.8736269674106727,6.0,8.523672781541297,1,0.5456884095344475,uploaded_model_v1,1
2026-04-27T18:48:08.694916,36.0,20.510107267534533,1.7564313858384155,6.0,7.220250178238047,0,0.42941856174627285,uploaded_model_v1,0
2026-04-27T18:48:08.695918,35.0,21.32743023216856,7.678902421707642,3.0,7.579543234203091,1,0.9507743269569642,uploaded_model_v1,1
2026-04-27T18:48:08.697044,18.0,22.95697245892717,4.9304038874057925,3.0,9.987399353659324,1,0.9505181470903122,uploaded_model_v1,1
2026-04-27T18:48:08.698075,31.0,23.521266549486555,4.455027545376767,8.0,3.524720304290091,1,0.9038561068585576,uploaded_model_v1,1
2026-04-27T18:48:08.698974,19.0,36.71355327250503,3.326200828186576,8.0,4.561068764736131,0,0.05612547019671716,uploaded_model_v1,0
2026-04-27T18:48:08.699931,45.0,30.34690134221555,3.431554667441154,7.0,5.855271561600828,0,0.08722480631725459,uploaded_model_v1,0
2026-04-27T18:48:08.701049,47.0,29.514600050236066,4.327240030704647,4.0,5.43447682134221,0,0.0765071621058421,uploaded_model_v1,0
2026-04-27T18:48:08.702733,55.0,20.524915181122783,5.571438456288858,4.0,3.151518929428885,1,0.9129258108209493,uploaded_model_v1,1
2026-04-27T18:48:08.704483,21.0,36.92307325368757,5.617168769454636,3.0,3.642443245298231,0,0.0702288099041043,uploaded_model_v1,0
2026-04-27T18:48:08.705619,18.0,33.90191467058664,1.3735512616435963,5.0,7.766673039825033,0,0.03846422506850509,uploaded_model_v1,0
2026-04-27T18:48:08.706620,25.0,19.488703961800034,4.000902016613016,3.0,9.155271243537925,1,0.9581285124265237,uploaded_model_v1,1
2026-04-27T18:48:08.707723,46.0,33.57237213905491,3.295664760272816,8.0,6.599589078861843,1,0.5040984563766946,uploaded_model_v1,1
2026-04-27T18:48:08.708969,56.0,29.957840781538213,6.964215730155074,7.0,6.774337556595431,0,0.41537062443160816,uploaded_model_v1,0
2026-04-27T18:48:08.709950,20.0,19.79795760642912,5.051351369747011,3.0,4.785654029826656,1,0.9131160156494634,uploaded_model_v1,1
2026-04-27T18:48:08.710964,49.0,28.08261411363044,4.260032531327854,9.0,8.37513454543598,0,0.3847313388496801,uploaded_model_v1,0
2026-04-27T18:48:08.711876,27.0,28.663318316861037,0.923157137431339,5.0,8.262562111570794,0,0.045955901378515435,uploaded_model_v1,0
2026-04-27T18:48:08.712781,27.0,21.647039883592065,4.845103114587292,9.0,7.118559824523596,1,0.9582924072254803,uploaded_model_v1,1
2026-04-27T18:48:08.713936,36.0,38.80535923400621,0.9376312454418674,7.0,4.4886500055794,0,0.0,uploaded_model_v1,0
2026-04-27T18:48:08.714907,51.0,36.699458172574566,2.6976526045260165,7.0,3.679127527659626,0,0.0,uploaded_model_v1,0
2026-04-27T18:48:08.715940,50.0,32.71849142124039,1.142735718514655,6.0,3.449670030999881,0,0.0,uploaded_model_v1,0
2026-04-27T18:48:08.717129,40.0,28.17050234201336,5.536589176194951,2.0,7.148872466500144,0,0.41267052078685024,uploaded_model_v1,0
2026-04-27T18:48:08.719630,45.0,27.058841914859187,1.6500169106892209,9.0,8.7752472339996,0,0.07108775019819216,uploaded_model_v1,0
2026-04-27T18:48:08.721002,49.0,32.32141627732099,3.134874985504208,6.0,9.008313022466474,0,0.4244581253622861,uploaded_model_v1,1
2026-04-27T18:48:08.722383,24.0,29.99950112695192,7.165398220950229,8.0,6.245354520404149,0,0.39215717541304235,uploaded_model_v1,0
2026-04-27T18:48:08.723426,46.0,19.37000832940148,1.6345310671917623,1.0,8.489899095147019,0,0.3960818831738785,uploaded_model_v1,1
2026-04-27T18:48:08.724426,25.0,29.275058272947295,4.062440511670233,5.0,9.628161374387163,1,0.5003337508259404,uploaded_model_v1,0
2026-04-27T18:48:08.725473,18.0,35.74087957912247,3.354173289328176,1.0,4.926190787416476,0,0.08384149949259234,uploaded_model_v1,0
2026-04-27T18:48:08.726468,20.0,28.10327730713308,0.1449923283658378,8.0,5.7857224246653,0,0.006373563218390805,uploaded_model_v1,0
2026-04-27T18:48:08.727504,41.0,19.143044706193905,6.342064908582502,8.0,9.520352948176765,1,0.9656159433330962,uploaded_model_v1,1
2026-04-27T18:48:08.728499,40.0,35.29812038644873,0.5523672505167978,1.0,5.367616771220995,0,9.174311926605505e-05,uploaded_model_v1,0
2026-04-27T18:48:08.729448,25.0,22.43000320699144,3.794040167815629,9.0,9.397134032252572,1,0.9676750063454976,uploaded_model_v1,1
2026-04-27T18:48:08.730479,54.0,23.68965836753685,4.4854263595116,2.0,9.86731403578126,1,0.9155461613046121,uploaded_model_v1,1
2026-04-27T18:48:08.731575,20.0,21.62353977551051,5.027411652916697,9.0,7.632675100020973,1,0.9594188727080762,uploaded_model_v1,1
2026-04-27T18:48:08.732588,50.0,25.264731427172947,5.509053034463005,1.0,8.71823202652918,1,0.9352377385325107,uploaded_model_v1,1
2026-04-27T18:48:08.733635,45.0,34.64853312514997,2.0261790681817207,9.0,8.246818949547595,0,0.03668630289268088,uploaded_model_v1,0
2026-04-27T18:48:08.734820,25.0,29.426488909086626,0.0798302132675949,4.0,7.896739803308667,0,0.05923779960299768,uploaded_model_v1,0
2026-04-27T18:48:08.735991,51.0,22.50738803131568,5.787549298839296,9.0,5.148517510868627,1,0.9063682465616923,uploaded_model_v1,1
2026-04-27T18:48:08.737107,52.0,37.3122617193449,4.285252794780629,7.0,3.399660365355606,0,0.06813732945642127,uploaded_model_v1,0
2026-04-27T18:48:08.738268,49.0,37.35080080893364,6.68894162565799,6.0,5.4013621276375545,0,0.060381403886198656,uploaded_model_v1,0
2026-04-27T18:48:08.739304,41.0,37.15272535101215,6.571106903205554,5.0,7.668551896427346,0,0.3914825574985344,uploaded_model_v1,1
2026-04-27T18:48:08.740238,31.0,23.253516650393863,6.746609342303065,9.0,3.7177043875946096,1,0.8907526533888038,uploaded_model_v1,1
2026-04-27T18:48:08.741269,49.0,27.92726557198174,3.880757279836321,2.0,3.0834258808476944,0,0.1274448066138728,uploaded_model_v1,0
2026-04-27T18:48:08.742248,33.0,39.66977243509925,2.669027166694925,2.0,3.9778466082205695,0,0.002452854230377166,uploaded_model_v1,0
2026-04-27T18:48:08.743247,21.0,34.984274478819785,6.33246562073096,9.0,8.010151484875568,0,0.44213241194480285,uploaded_model_v1,1
2026-04-27T18:48:08.744212,54.0,18.59768326696232,3.61035290423404,3.0,9.809555911595108,1,0.9020316337635533,uploaded_model_v1,1
2026-04-27T18:48:08.745249,38.0,19.434501007730827,1.467537571227476,8.0,9.881452897303744,1,0.5103475563096751,uploaded_model_v1,0
2026-04-27T18:48:08.746239,31.0,28.20649028987132,6.839792156491795,9.0,6.457854043981316,0,0.416102174301492,uploaded_model_v1,1
2026-04-27T18:48:08.747160,48.0,38.00284452895433,7.060479014178778,8.0,9.08546610694643,0,0.3971155143871287,uploaded_model_v1,1
2026-04-27T18:48:08.748222,35.0,29.85143955495971,3.730478049121361,4.0,8.15778519026053,0,0.42119054286692775,uploaded_model_v1,1
2026-04-27T18:48:08.749158,24.0,28.951875176754385,0.6055978184782997,1.0,6.507281658892224,0,0.07579660312004032,uploaded_model_v1,0
2026-04-27T18:48:08.750405,27.0,20.320421399045877,3.10260871933545,4.0,7.009323730685607,1,0.9387416198592513,uploaded_model_v1,1
2026-04-27T18:48:08.751729,24.0,32.44916230393447,6.428301275700827,9.0,3.9605900263180978,0,0.054439298673157825,uploaded_model_v1,0
2026-04-27T18:48:08.752883,50.0,36.08626953320496,7.214192228369829,2.0,9.563630224316144,0,0.4595619388329278,uploaded_model_v1,0
2026-04-27T18:48:08.754036,40.0,26.36924016516637,1.6277819399807667,3.0,5.463508395122437,0,0.07242877149343939,uploaded_model_v1,0
2026-04-27T18:48:08.755223,38.0,35.063460720357206,0.5357888962021722,8.0,6.123044795200187,0,0.1294597840796349,uploaded_model_v1,0
2026-04-27T18:48:08.756295,36.0,39.218486385817855,7.018803625062709,6.0,7.701621616985291,0,0.39592252900441743,uploaded_model_v1,0
2026-04-27T18:48:08.757317,36.0,22.48286210080916,3.1152395118310023,8.0,5.337317300685878,1,0.9182177536806817,uploaded_model_v1,1
2026-04-27T18:48:08.758265,53.0,29.51325188628431,4.334087714140506,7.0,4.779814126922513,0,0.0770748787604734,uploaded_model_v1,0
2026-04-27T18:48:08.759239,46.0,24.317035077860663,7.744526496406071,5.0,7.417345752891544,1,0.9575262094376407,uploaded_model_v1,1
2026-04-27T18:48:08.760249,35.0,35.44279721874447,0.5325178233137828,9.0,3.174888575972946,0,0.0,uploaded_model_v1,0
2026-04-27T18:48:08.761162,19.0,30.707054049385462,5.1865440596167645,4.0,8.045075784186752,0,0.41757455147922323,uploaded_model_v1,1
2026-04-27T18:48:08.762173,18.0,31.960813186106684,0.5928433805989366,6.0,6.598163589135568,0,0.07785187854576499,uploaded_model_v1,0
2026-04-27T18:48:08.763093,22.0,35.55411151154967,3.003751427732003,2.0,7.240276113646541,0,0.22476617123640544,uploaded_model_v1,1
2026-04-27T18:48:08.764188,37.0,26.711350398574005,6.430516361547574,2.0,7.423161114728196,1,0.9268967060414398,uploaded_model_v1,1
2026-04-27T18:48:08.765228,28.0,38.13198150495495,3.467777862045075,2.0,6.689351095447946,1,0.5178248495426412,uploaded_model_v1,1
2026-04-27T18:48:08.766218,59.0,29.72663507941508,7.977458831223603,7.0,7.077736442085152,0,0.44108865386839,uploaded_model_v1,0
2026-04-27T18:48:08.767386,19.0,21.47500610237765,4.472474279572817,2.0,7.786517406229122,1,0.940066752464586,uploaded_model_v1,1
2026-04-27T18:48:08.769120,20.0,33.309780599713655,2.569297221087628,2.0,8.271831930257719,0,0.057963256572398016,uploaded_model_v1,0
2026-04-27T18:48:08.770628,40.0,35.4517497096416,1.760890607238025,9.0,8.092166739002844,0,0.03789390649546485,uploaded_model_v1,0
2026-04-27T18:48:08.771967,29.0,24.968756895485587,2.8041642742892945,7.0,9.087315204125831,1,0.5983555192470279,uploaded_model_v1,0
2026-04-27T18:48:08.772924,37.0,36.85794365397257,2.9802661900764065,3.0,4.32610403217182,0,0.024532211900480733,uploaded_model_v1,0
2026-04-27T18:48:08.773888,22.0,37.93515160484687,0.5497094217916878,3.0,5.8080357864425824,0,9.174311926605505e-05,uploaded_model_v1,0
2026-04-27T18:48:08.774961,54.0,24.0918987223118,2.9565935954141853,7.0,9.6345724621012,1,0.6589200949051052,uploaded_model_v1,1
2026-04-27T18:48:08.776044,55.0,39.63747239973489,3.7139081579138,5.0,5.776134020704308,0,0.06133095330410983,uploaded_model_v1,0
2026-04-27T18:48:08.777147,47.0,21.095653617072685,5.781902017910437,6.0,3.874090538341459,1,0.9099138999874816,uploaded_model_v1,1
2026-04-27T18:48:08.778113,26.0,22.444344704854775,5.253835877772864,8.0,6.678115884535257,1,0.964229157369634,uploaded_model_v1,1
2026-04-27T18:48:08.779189,51.0,22.052946463236573,5.670125241833234,9.0,3.7664368078812354,1,0.8963664830950706,uploaded_model_v1,1
2026-04-27T18:48:08.780116,52.0,37.66777362017315,0.0669094550148567,1.0,4.419972671095056,0,0.01125,uploaded_model_v1,0
2026-04-27T18:48:08.781160,39.0,32.394436151149165,1.7413391966442884,3.0,9.988231295996698,0,0.06785655339075852,uploaded_model_v1,0
2026-04-27T18:48:08.782130,41.0,21.346294230890003,5.293474307198852,7.0,6.789538468772924,1,0.9577856758807722,uploaded_model_v1,1
2026-04-27T18:48:08.783095,34.0,27.68711520410368,3.871914945437977,6.0,4.988408723283003,0,0.06487894195214229,uploaded_model_v1,0
2026-04-27T18:48:08.784412,27.0,31.536556551535647,0.0425078053467675,7.0,9.963424682017344,0,0.06908625479674786,uploaded_model_v1,0
2026-04-27T18:48:08.786410,47.0,19.83620986976643,6.435957139454579,8.0,9.765912429886002,1,0.9316292033907269,uploaded_model_v1,1
2026-04-27T18:48:08.787942,40.0,37.41316010496145,6.182476586322699,6.0,6.0851732875898445,0,0.4160234594086098,uploaded_model_v1,0
2026-04-27T18:48:08.789031,49.0,35.67927777971377,4.387353303948501,3.0,4.822821761515359,0,0.07353566325435679,uploaded_model_v1,0
2026-04-27T18:48:08.790072,34.0,29.11454901868604,0.531706606210177,2.0,8.86879746664533,0,0.03812156244070228,uploaded_model_v1,0
2026-04-27T18:48:08.791097,34.0,39.27678553570175,6.132120396260677,7.0,8.0093450188025,0,0.385036031209918,uploaded_model_v1,0
2026-04-27T18:48:08.792163,31.0,27.190741544052194,4.669708701850912,1.0,7.808590045024572,0,0.4143523852032425,uploaded_model_v1,1
2026-04-27T18:48:08.793304,26.0,39.65042701880295,6.255679817263673,3.0,9.251796189257307,0,0.44569352183304145,uploaded_model_v1,0
2026-04-27T18:48:08.794235,57.0,32.6942399736798,6.013975939166723,4.0,7.825919937099273,0,0.3700059507592556,uploaded_model_v1,0
2026-04-27T18:48:08.795299,19.0,31.96276801158671,6.424016575662697,1.0,4.9865856012908445,0,0.06776968559837626,uploaded_model_v1,0
2026-04-27T18:48:08.796293,42.0,21.65100769650727,4.144064531236999,5.0,7.857042133130125,1,0.959154071530768,uploaded_model_v1,1
2026-04-27T18:48:08.797342,56.0,37.40241068270217,1.12259614554812,3.0,5.140694578985648,0,9.174311926605505e-05,uploaded_model_v1,0
2026-04-27T18:48:08.798441,26.0,27.40477313425353,5.369259787037509,2.0,8.314672857598964,0,0.37282200307959423,uploaded_model_v1,0
2026-04-27T18:48:08.799459,39.0,21.569134927214545,4.963790280415765,3.0,7.338234981440962,1,0.9261505651755642,uploaded_model_v1,1
